id,address,name,registration_date
0,"823 Burton Lights
New Jared, MI 51016",Alex Hughes,2015-01-01
1,"7462 Mitchell Crescent Apt. 074
Baileyborough, FL 74071-4665",Tyler Horn,2015-01-02
2,"2336 Charles Hills
Kathleenfort, NV 21597-2960",Laura Brock,2015-01-04
3,"38615 Fernando Pines
West Lisamouth, TX 64220",Mr. Travis Powers,2015-01-04
4,"14290 Ashley Fall Suite 143
East Nancymouth, FL 62402-3926",Daniel Baker,2015-01-04
5,"886 Stewart Run
New Martin, DE 14355-8603",Nicole Yates,2015-01-05
6,"717 Lisa Row
Port Melissaborough, OH 48237",Mrs. Rebecca Daniel,2015-01-05
7,"65743 Powell Corner Suite 296
Lake Stephenton, ID 68178-6740",Kristina Guzman,2015-01-06
8,"41449 Kimberly Bypass Suite 152
Farleyport, IL 25261",Kaitlyn Singh,2015-01-07
9,"88921 Teresa Brook
Michellebury, MS 97288-2391",Casey Robinson,2015-01-08
10,"5722 Flores Harbor
West Courtneyton, IA 05564",Jasmine Wright,2015-01-10
11,"4974 Deleon Station
Weeksstad, PW 97600-1001",Elizabeth Lee,2015-01-13
12,"97149 Miranda Run Apt. 786
Andreaville, CA 83010",Billy Moreno,2015-01-13
13,"87710 Angela Fort
Laurahaven, WY 97377-0890",James Summers,2015-01-14
14,"USS Perez
FPO AP 63250-7866",Elizabeth Burgess,2015-01-15
15,"6291 Fields Union
East Jonathanport, MP 77838-1288",Janice Moore,2015-01-15
16,"27478 Brandon Common Suite 189
Andersonberg, NJ 20409",Teresa Farmer,2015-01-15
17,"253 Gutierrez Shoal Suite 093
Griffinside, MP 10452-4531",Cody King,2015-01-16
18,"USNS Henderson
FPO AP 43457",Felicia Roy,2015-01-16
19,"USCGC Johnson
FPO AE 65768-4676",Christopher Williams,2015-01-16
20,"8364 Dustin Cove
Port Justin, AL 17883",Brian Jefferson,2015-01-17
21,"02039 Blankenship Roads
New Kristenshire, MI 68225",Jeffrey Davis,2015-01-18
22,"68261 Lori Course
Shelbystad, SD 21093-1368",Connor Davis,2015-01-18
23,"75714 Smith Heights
New Patrickborough, PR 90629-3971",Jamie Reyes,2015-01-22
24,"81240 Gill Stream
South Heidichester, NY 63744-0322",Jose Costa,2015-01-24
25,"25070 Nancy Key
Lake Tonyville, GA 70281-7220",Amanda Clark,2015-01-25
26,"019 Lawrence Brook
Port Jessica, CT 51143-1361",Bryan Jones,2015-01-26
27,"88934 Gonzales Mountains
West Matthew, GA 75775-0099",Sarah Hughes,2015-01-27
28,"94980 Stephanie Road Apt. 374
Gillespieland, GU 55394-7312",Sarah Adams,2015-01-28
29,"PSC 9370, Box 8949
APO AA 66108-4873",Nicole Smith,2015-01-29
30,"997 Dawn Cape Suite 489
New Juan, VT 21238",Janet Perez,2015-01-30
31,"176 Michael Prairie Apt. 054
East Jordan, ID 54414-5582",Teresa Williams,2015-01-31
32,"192 Johnson Pike Apt. 192
Woodshire, IL 99561",Joan Long,2015-01-31
33,"3305 Christopher Ranch
East Amyberg, CT 84082",Justin Hernandez,2015-02-01
34,"245 Rhonda Fall Suite 674
East Tiffany, GU 75619-5972",Bethany Thompson,2015-02-02
35,"88896 Jessica Coves
Lake Randy, WI 16816-2113",Stephen Nolan,2015-02-02
36,"018 Robert Shores Apt. 677
Stevebury, DE 73016",Angel Henry,2015-02-04
37,"639 Jeffrey Crest Apt. 683
Alisonburgh, MO 34185-2268",Toni Whitehead,2015-02-04
38,"44084 Garcia Ranch
Boydstad, MD 52781",Christopher Harris,2015-02-04
39,"2966 Michael Vista Apt. 969
South Michael, PW 32397-8292",Stephanie Valdez,2015-02-05
40,"9123 Finley Throughway
West Kathrynburgh, IA 79774",William Lopez,2015-02-06
41,"22484 Joel Parkway Apt. 100
Katherineport, MO 30257-2769",Valerie Patterson,2015-02-06
42,"Unit 7263 Box 5340
DPO AP 78832-1734",Michael Gray,2015-02-07
43,"0080 Jason Rapids Suite 055
Mccormickmouth, AR 42133-6280",Lee Hicks,2015-02-07
44,"86449 Black Lodge
Port Michaelburgh, CA 61581",Jason Cohen,2015-02-07
45,"Unit 6121 Box 9470
DPO AA 80997",Alexis Mccall,2015-02-07
46,"39535 Davis Square
North Leehaven, NH 51560",Brian White,2015-02-07
47,"220 Clements Loop Apt. 221
New Jeffrey, WV 35796",Travis Sanchez,2015-02-09
48,"218 Kimberly Lane Apt. 556
Michaelbury, NE 19119-1266",Lisa Walter,2015-02-09
49,"2969 Jonathan Centers
Port Nicole, WV 27756",Mrs. Monique Burnett,2015-02-09
50,"836 Michael Path Suite 606
North Michael, NV 18828-9463",Ryan Davenport,2015-02-11
51,"75896 Lori Prairie
Port Kari, NC 70030",James White,2015-02-13
52,"0545 Justin Lodge
North Rebeccamouth, AL 35127-6454",Christopher Moody,2015-02-15
53,"01423 Obrien Isle
Laurenberg, OR 07744-8645",Tracy Villarreal,2015-02-15
54,"Unit 2587 Box 3286
DPO AA 66169-5356",Robin Johnston,2015-02-15
55,"57248 Jones Expressway
Lake Glendaton, ME 09710",John Burns,2015-02-16
56,"43883 Cynthia Junctions Apt. 464
Reidbury, OK 78165",Stephanie Smith,2015-02-16
57,"6673 Mclaughlin Stream
Meltonville, NH 74537",Bryce Murphy,2015-02-19
58,"106 Patricia Passage Apt. 618
Mooremouth, IN 91837",Brenda Owens,2015-02-20
59,"Unit 3968 Box 8622
DPO AP 98716",Curtis Watson,2015-02-21
60,"3849 Victoria Isle Suite 274
New Nathan, IN 98705",Natalie Garrett,2015-02-27
61,"1473 Allen Shore Apt. 478
East Juanhaven, SD 63194",Yvonne Brown,2015-02-28
62,"USCGC Jones
FPO AE 08739",Michael Barr,2015-03-01
63,"038 Hunt Motorway Suite 560
New David, AR 92481",Kevin Garcia,2015-03-01
64,"1161 Lewis Forges Suite 601
Lake Susanfurt, NV 96951",Rebecca Johnson,2015-03-04
65,"Unit 5598 Box 7281
DPO AP 92325",David Johnson,2015-03-04
66,"792 Mark Ramp
Morrisside, IL 57411-0535",Sean Gilmore,2015-03-04
67,"11767 Fox Ports Apt. 888
West Joyside, MA 77740",Emily Cruz,2015-03-04
68,"2397 Rodriguez Common
North Arthurport, IN 56923",Robert Skinner,2015-03-04
69,"88637 Sullivan Course
Amymouth, MS 11268",Virginia Henson,2015-03-04
70,"9450 Bianca Summit Suite 726
Port Thomas, MN 15277-9238",Tina Love,2015-03-05
71,"2264 Dan Tunnel
New Daniellestad, MT 76820-5656",Brent Watts,2015-03-05
72,"435 Wilson Orchard Apt. 696
South Cynthia, CO 26432",Ronald Mills,2015-03-06
73,"9601 James Falls Suite 940
New Josephfurt, IA 50762",Lauren Haynes,2015-03-07
74,"74393 Michelle Coves
New Sarahborough, WV 48318",Sarah Carter,2015-03-08
75,"4805 Randall Plaza Apt. 888
West Danielside, ME 38966",Kathy Gilmore,2015-03-10
76,"693 Hancock Streets Apt. 368
Timothytown, DC 19074-7200",Raymond Brown,2015-03-10
77,"0569 Barbara Mountain Apt. 283
Fernandezhaven, MT 48829-1513",Craig Patrick,2015-03-12
78,"29097 Robert Drive
Morganbury, NM 23566-0889",Laurie Cole,2015-03-13
79,"288 Rodriguez Road Apt. 958
Camposshire, TN 78607",Diana Boone,2015-03-16
80,"977 Mary Branch
Andersonburgh, NM 93523-1457",Kayla Fisher,2015-03-16
81,"651 Mcdaniel Mall Apt. 004
Coleview, ME 40039",Katherine Sanders,2015-03-17
82,"809 Smith Manors Suite 392
Wesleyview, AR 13298-0978",Daniel Reynolds,2015-03-17
83,"7237 Kevin Drives Apt. 489
West Andrew, IA 52976-0132",Cody Morales,2015-03-18
84,"71077 Moreno Highway Apt. 369
East Blake, FM 36276-9384",Ariana Reed,2015-03-18
85,"3540 Salazar Rapid
East Janet, RI 96905",Brandon Norris,2015-03-18
86,"54370 Thomas Flat Suite 728
New Ericville, RI 72791-5271",David Sanchez,2015-03-19
87,"PSC 9215, Box 3089
APO AE 17643",Melissa Crawford,2015-03-19
88,"0400 Martin Drives Apt. 052
Port Kaylaborough, TX 75033-4120",Douglas Cooper,2015-03-21
89,"4019 Tina Ridge
New Jeremy, MO 45808-6211",Stephanie Ryan,2015-03-22
90,"56039 Richard Plaza Apt. 492
Josebury, FM 90014-9779",Brandy Smith DDS,2015-03-23
91,"50627 Yang Tunnel
Jamesmouth, DE 15236-3158",John Lynch,2015-03-23
92,"00081 Pugh Fords Apt. 271
Morganchester, DC 73203-8663",David Wallace,2015-03-24
93,"70252 Brenda Freeway Apt. 800
New Charleneberg, WA 73807-5261",Kevin Johnson,2015-03-24
94,"304 Sanders Mews
East Vicki, HI 50703",Franklin Burke,2015-03-24
95,"71524 Stephens Plaza Apt. 645
East James, LA 74647-2330",James Smith,2015-03-24
96,"Unit 3721 Box 1172
DPO AA 48756-3882",Brandi Joseph,2015-03-24
97,"1172 Lindsay River
Glennfurt, VT 00429-1608",Lisa Hester,2015-03-26
98,"2683 Gregory Freeway
Port Janetland, FM 54574-2936",Julian Brennan,2015-03-26
99,"492 Stacey Crossroad
North Daniel, MI 69193",Gregory Blair,2015-03-26
100,"0936 Clark Ports Apt. 903
South Laurachester, CO 35451",Susan Lynch,2015-03-28
101,"238 King Forks
South Andrew, MS 01691",Caleb Ford,2015-03-28
102,"956 Yolanda Drives
East Alexanderborough, GU 49261-3220",Robert Webster,2015-03-28
103,"Unit 3824 Box 2461
DPO AE 02618-2038",Kimberly Vazquez,2015-03-31
104,"491 Laura Manor Apt. 866
Danielchester, IN 49638",Justin Chavez,2015-03-31
105,"84586 Diaz Landing
Huertaside, HI 70068",Jesse Little,2015-04-01
106,"2050 Perez Mission
Lake Stephaniemouth, OH 60909",Mr. Edwin Medina,2015-04-01
107,"870 Angela Common
Paynemouth, AK 82176",Gabriel Rice,2015-04-03
108,"89733 Li Meadows Suite 122
Frankland, VA 62747-3273",Richard Weber,2015-04-06
109,"8987 Hughes Roads
Richardport, CA 74347",Carolyn Jacobs,2015-04-06
110,"22772 Sarah Isle Apt. 780
East Joelburgh, RI 73936",John Rodriguez,2015-04-06
111,"5643 Duane Bypass
West Nancy, DC 27904",John Benson,2015-04-07
112,"49955 Jesus Estates
East Christopherberg, NY 67274-3945",Christina Turner,2015-04-08
113,"11591 Jacobson Overpass
West Jeffreyfurt, SC 39395-5931",Justin Bryant,2015-04-11
114,"0969 Mike Hollow
Susanhaven, AK 56029-0960",James Ward,2015-04-12
115,"77343 Kevin Radial Apt. 495
Annaton, WA 76556",Lisa Dominguez,2015-04-13
116,"599 Henry Stream
Odomstad, MT 85257",Ryan Black,2015-04-16
117,"51218 Tom Freeway
Goodmanburgh, FL 53681-5691",Dillon Smith,2015-04-16
118,"339 Shawn Lodge
Port Nicoleview, RI 31496",Jessica Price,2015-04-17
119,"PSC 0255, Box 3124
APO AE 29199",Laura Robbins,2015-04-19
120,"241 Wood Shore
Elizabethstad, LA 94458",Brian Peters,2015-04-19
121,"USCGC Davis
FPO AA 51054",Samuel Garcia,2015-04-21
122,"10489 Duncan Rue Apt. 701
Turnerfurt, OK 55735",Timothy Ferguson,2015-04-21
123,"5514 Mason Heights Apt. 583
Johnhaven, NV 84380",Chloe Mcgee,2015-04-24
124,"7799 Roy Glen Apt. 343
Curtismouth, MA 52605",Ryan Smith,2015-04-24
125,"527 Francis Gateway Apt. 841
Lake Jaredville, ND 86534-9635",Rodney Hernandez,2015-04-24
126,"544 Kevin Estate
North Angela, AL 79563",Brenda Pitts,2015-04-25
127,"119 Jamie Estate
Harrisonside, IN 89277",Robert Barnes,2015-04-26
128,"569 Henry Manors
South Henry, VT 81254",Madison Rose,2015-04-26
129,"1183 Hamilton Summit
East Donnaberg, MT 74434-0592",Kimberly Bryant,2015-04-27
130,"70600 Thomas Green
West Thomasport, NC 95255",Nathan Rodriguez,2015-04-27
131,"USNV Jones
FPO AE 56827",Brian Patterson,2015-04-28
132,"6728 Brian Lodge Apt. 032
Lake Russell, AR 46239",Karen Wilson,2015-04-28
133,"96743 Melissa Prairie
Jacobston, CT 75254-4642",Alyssa Brown,2015-04-29
134,"89778 Green Squares Suite 604
Juliehaven, HI 16460",Paula Hopkins,2015-04-30
135,"03615 Brandon Dam Apt. 077
Hughesview, UT 95337",Tammy Camacho,2015-04-30
136,"097 Herrera Isle
New William, ND 58648-4996",Patrick Walker,2015-05-01
137,"9999 Wright Well Apt. 835
East Timothy, AK 66620-8919",Cheryl Dunn,2015-05-02
138,"77854 Day Ports Suite 513
Kennethchester, ID 85415",Micheal Craig,2015-05-03
139,"Unit 9701 Box 8981
DPO AA 64619-6258",Jennifer Harris,2015-05-06
140,"191 Edwards Fort Apt. 110
Copelandmouth, DC 13359-5046",Jessica Shepherd,2015-05-06
141,"9343 Erika Shoals Apt. 035
Tiffanyport, CT 44249-9193",Michael Davis,2015-05-06
142,"79669 Gates Club
North Karina, FL 36692",Jennifer Roberts,2015-05-06
143,"36140 Larry Trafficway Suite 422
Patrickborough, NJ 34776-4264",Olivia Reeves DVM,2015-05-08
144,"93658 Price Terrace
Davidville, RI 14855",Angela Harmon,2015-05-11
145,"545 Erickson Corners
South Robertview, FM 29488",Stephen Gonzalez,2015-05-11
146,"8423 Scott Curve Apt. 285
Smithshire, NH 57623",Marilyn Houston,2015-05-13
147,"8195 Jessica Stream
North Emilyshire, AL 48674",Marie Simmons DDS,2015-05-14
148,"4003 Christine Row
Matthewstad, FL 10705",Thomas Orozco,2015-05-15
149,"759 Becker Plain Apt. 185
Ortizborough, NV 64799-1289",Samantha Matthews,2015-05-15
150,"78434 Johnson Rue
North Troy, PR 67022-4256",Elizabeth Johnson,2015-05-18
151,"870 Terri Landing
West Lindseyhaven, ID 50629-7098",Kayla Ross,2015-05-19
152,"51014 Ashley Grove Apt. 584
Judithborough, OR 05277-5317",Peter Montgomery,2015-05-21
153,"018 Kristen Drive Apt. 895
North David, MI 59830",Donald Morgan,2015-05-22
154,"51671 Davis Brooks Suite 753
West Sharon, ME 73224-0405",Brian Wilcox,2015-05-22
155,"75251 Jennifer Walks Suite 626
New Robertchester, TN 54134",Tyler Snyder,2015-05-24
156,"88392 Antonio Port Suite 715
North Andrew, VT 00254-5187",Amber Walker,2015-05-26
157,"4028 Williams Meadow
Michelleport, IL 79819-7324",Leon Daniel,2015-05-27
158,"546 Henry Groves Apt. 204
Scottchester, SC 83705-2552",Edward Carter,2015-05-28
159,"0794 Heather Plains Suite 781
New Michelleland, FM 78409-7323",Joan Robertson,2015-05-28
160,"9274 Garcia Harbors Suite 591
Lake Donald, MD 95017",Brian Alvarez,2015-05-29
161,"092 Kim Park Apt. 397
Gonzalezfurt, MA 20890-2569",Susan Montgomery,2015-05-30
162,"Unit 2173 Box 0720
DPO AP 46729-9914",Benjamin King,2015-05-30
163,"06837 Kerri Lake Apt. 684
South Teresaberg, IA 95021-5270",Brian Preston,2015-06-01
164,"5388 Martinez Fork Suite 707
South Melissa, NY 54594-4802",Jeanne Zuniga,2015-06-02
165,"0673 Patricia Lodge
Andersonmouth, GU 47680-7438",Andrew Garcia,2015-06-02
166,"PSC 8693, Box 3383
APO AE 07634",Gwendolyn Duke,2015-06-03
167,"1415 Richard Course Apt. 771
West Elizabethstad, ND 44134",Daniel Walker,2015-06-04
168,"97402 Sharon Run Apt. 994
East Janice, NM 90147-4122",Jessica Arellano,2015-06-05
169,"Unit 5532 Box 2912
DPO AE 72669-0836",Rachel Watts,2015-06-06
170,"640 Adams Place Apt. 314
East Dale, MP 83993-8749",Miss Catherine Klein,2015-06-07
171,"5468 Julie Turnpike
Tracyport, HI 11850",Samantha Flores,2015-06-07
172,"0934 Arias Island
Willistown, SC 49325-9106",Anna Washington,2015-06-07
173,"120 Kenneth Stream
Justinfurt, WY 14497-0986",Rodney Huffman,2015-06-08
174,"278 Michael Common
North Claudiaville, CA 53391-9503",Theresa Abbott,2015-06-09
175,"21539 Cohen Burgs Suite 149
Denisestad, TN 96768-9115",Nicholas Shannon,2015-06-10
176,"83551 Ryan Street
Ryanton, SC 05997-4439",Johnny Rowe,2015-06-11
177,"230 Alexis Way
North Stacy, ME 94423-2758",Tina White,2015-06-11
178,"17441 Barnes Ports
South Edward, NH 37595",Amy Preston,2015-06-11
179,"84862 Fox Springs Apt. 633
Hernandezmouth, AK 28404-5346",Bradley Greene,2015-06-12
180,"1593 Webb Ville
Ortizview, TX 77653-3067",Nicholas Torres,2015-06-14
181,"188 Galloway Rapid
Danielfort, WA 95996",Leroy Hughes,2015-06-15
182,"943 Shaw Valley
Port Curtistown, AZ 08900",Jessica Wolf,2015-06-16
183,"7485 Tucker Run Suite 934
Port Adam, NC 06214-0819",Vincent Reed,2015-06-20
184,"PSC 0703, Box 9872
APO AA 02794",Jay Harrison,2015-06-21
185,"90747 Jeanette Mews
East Bradleyborough, NM 69865",William Flores,2015-06-21
186,"192 Carroll Ranch Suite 800
New Diana, AL 73661-9566",James Anderson,2015-06-21
187,"445 Kidd Overpass Apt. 797
North Robertstad, AR 83847-0526",Travis Davidson,2015-06-22
188,"309 Mary Bypass
North Aaronton, WI 17102",Mark Smith,2015-06-22
189,"6052 Brady Key
Port Stephanieberg, WA 29551-0116",Richard Butler,2015-06-22
190,"20565 Thompson Spurs Apt. 057
Danielmouth, UT 36239",Jesse Vazquez,2015-06-22
191,"71822 William Hill
East Victoriafurt, KS 33107-1233",Courtney Collins,2015-06-23
192,"9447 Jones Walk
Lake John, KY 04410",Margaret Erickson,2015-06-24
193,"9674 Pamela Key
Caseybury, SD 87945",Mark Zimmerman,2015-06-24
194,"59697 Ronald Orchard Apt. 733
Christopherhaven, VT 05478-7115",Jennifer Campbell,2015-06-25
195,"25706 Michael Isle Suite 123
Samanthamouth, NC 55878-6030",Adam Cruz,2015-06-26
196,"356 Logan Orchard
South Ernestport, IA 67897",Autumn Booker,2015-06-26
197,"5213 Ariel Prairie Apt. 610
Alvaradoville, MA 12601-2757",Wayne Perkins,2015-06-26
198,"22094 Matthew Ferry Suite 061
North Justin, SC 88255-1745",Tracy Sherman,2015-07-01
199,"PSC 4996, Box 0352
APO AE 31824-1584",Terri Thompson,2015-07-02
200,"1661 Tammy Crescent
North Barbaraborough, KY 88865-3632",Robert Matthews,2015-07-03
201,"7279 Walker Cliff Suite 361
Diazland, DC 12298-7219",Jacob Mays,2015-07-03
202,"669 Mccarthy Motorway Apt. 951
Haleytown, NM 14520-9552",Anthony Wallace,2015-07-03
203,"503 Thomas Land
Stacychester, VI 95540-2785",Matthew Mcclain,2015-07-04
204,"88736 Sara Trail
Holmeston, NM 41833-4254",Daniel Osborne,2015-07-06
205,"4462 Williams Way
Wrightmouth, CA 56362",Maria Miller,2015-07-08
206,"295 Baker Passage
New Michelle, CT 11892-1856",Kimberly Edwards,2015-07-08
207,"46649 Hess Isle
Port Jessica, AL 31257",Leslie Strong,2015-07-10
208,"0357 Dawn Freeway
East Emilytown, MN 51994-1276",Deborah Garcia,2015-07-10
209,"842 Stacy Passage Apt. 557
Barbaraview, IL 08408-7928",Timothy Nixon,2015-07-12
210,"396 Richard Radial Apt. 627
South Sydneyside, WY 02287",Alyssa Miller,2015-07-12
211,"291 Stacey Corner Apt. 586
Port Brianton, KS 04081",Joseph Franklin,2015-07-12
212,"99656 Henderson Via Apt. 053
West Markmouth, SD 53910-9261",Brian Mora,2015-07-14
213,"291 John Cliff Suite 646
Michaelberg, AZ 75001",Jonathan Stone,2015-07-16
214,"554 Mcdowell Streets Apt. 960
Port Brittany, AS 31139",Michael Patterson,2015-07-19
215,"USNS Baker
FPO AP 32576-1920",Daniel Baldwin,2015-07-19
216,"06620 Hoffman Groves
Justinbury, CT 19676",Mark Perkins,2015-07-20
217,"781 Amber Haven Suite 546
North Tamara, WY 22086-6443",Thomas Shaw,2015-07-21
218,"505 Amanda Walk
West Erik, OR 22213-2682",Antonio Norris,2015-07-25
219,"00545 Howard Summit
Jasonton, OK 90839",Whitney Schultz,2015-07-26
220,"588 Mathis Roads Apt. 080
Hansenton, MO 84294-3939",Angela Marquez,2015-07-26
221,"19283 Miller Pike
Prestonfurt, IL 09792-4108",Kimberly Curtis,2015-07-26
222,"8939 Smith Centers
Port Victoriashire, HI 18848",Wesley Hill,2015-07-27
223,"PSC 4488, Box 1962
APO AA 73421",Brandon Chaney,2015-07-28
224,"209 Michael Forks Suite 536
North Sarahstad, IA 60802",Natalie Jackson,2015-07-28
225,"4025 Ryan Walks
Port Thomaschester, AR 18704",Teresa Bailey,2015-07-29
226,"353 Mcdonald Flats
South Nicholas, MD 23490-3998",Monica Lamb,2015-07-30
227,"3701 Shepherd Run
Farleytown, DC 20894",Raymond Murphy,2015-08-05
228,"1065 Amanda Glen
East David, NC 17365-3604",Christine James,2015-08-06
229,"607 Robyn Views
South Anthonyberg, FL 31105",Michaela Lopez,2015-08-15
230,"9590 Rose Curve
Josephside, KY 14168-5544",Eric Costa,2015-08-16
231,"PSC 5331, Box 2319
APO AE 29328",Luis Mercer,2015-08-17
232,"857 Carlos Plains
South Williamburgh, MT 46174-7198",Mrs. Jennifer Baker,2015-08-17
233,"1482 Walters Stream
Port Robin, UT 46378",Angela Martinez,2015-08-18
234,"021 Maria Crest Apt. 662
Johntown, RI 73597",Timothy Gray,2015-08-18
235,"01005 Howard Meadows
South Maryville, ID 31310",Amanda Kim,2015-08-19
236,"USCGC Williams
FPO AE 33267",Stacy Phillips MD,2015-08-19
237,"841 Linda Route Suite 268
Montoyamouth, LA 41985-8039",Michelle Lloyd DVM,2015-08-21
238,"78815 Jordan Trafficway Apt. 159
Carlsonfurt, AK 87231-2056",Terry Robinson,2015-08-23
239,"9424 James Skyway Suite 532
Adamsshire, NC 64878",Brett Miller,2015-08-23
240,"USCGC Robertson
FPO AE 98289",Brandi Tate,2015-08-24
241,"PSC 2758, Box 2028
APO AA 52721",Courtney Barr,2015-08-25
242,"131 Torres Mountain
Charlesview, GA 79799-7287",Leslie Gray,2015-08-27
243,"4953 Kim Run
Port Shannon, MI 62727",Kevin Preston,2015-08-27
244,"4364 Patricia Roads
South Tonya, VI 78908",George Stewart,2015-08-28
245,"710 Christopher Vista Suite 327
Floresside, VI 05955",Gary Griffin,2015-08-30
246,"8152 Andrews Landing Suite 919
Robertfort, MN 13910",Cathy Rodriguez,2015-08-31
247,"6901 Sarah Island
Port Robin, TN 07603-3571",Jamie Mendez,2015-09-01
248,"Unit 4084 Box 6964
DPO AE 51014-0449",Michael Stephens,2015-09-01
249,"2436 Sanders Route Suite 042
New Robert, LA 06830",Diana Lamb,2015-09-01
250,"1003 Hayes Hill
New Nicole, WA 47100-1626",Heather Santos,2015-09-04
251,"55100 Clark Lodge Apt. 234
West Morgan, SD 66841-6529",Leslie Macdonald,2015-09-05
252,"84437 Bennett Bridge
New Briannaside, DE 89768-6897",Rachel Nelson,2015-09-06
253,"PSC 9076, Box 5856
APO AA 36569",Jennifer Bright,2015-09-07
254,"485 Samuel Via
East Hayleystad, NV 78647-3315",Lawrence Wolfe,2015-09-08
255,"1736 Kathleen Walk Suite 734
Traceyhaven, KY 58269-4408",Stephen Wood,2015-09-11
256,"677 David Fork Suite 434
Feliciahaven, MN 55660",Kelly Coleman,2015-09-12
257,"761 Timothy Lodge
New Meganview, MO 99101",Catherine Jackson,2015-09-14
258,"0739 Ashlee Villages Suite 759
South Lukefurt, WI 77031",John Davis,2015-09-15
259,"3082 Greer View Apt. 995
Williamsstad, CT 33579-5534",Veronica Mendoza,2015-09-16
260,"98282 Wolfe Drive Suite 389
New Aprilberg, IN 30677",Matthew Briggs,2015-09-17
261,"832 Rodriguez Common
Port Alanshire, SD 82275-4389",Brian Klein,2015-09-17
262,"Unit 8709 Box 2799
DPO AE 60441",Peggy Montoya,2015-09-19
263,"1722 Maria Highway
East Douglas, AS 24521",Dana Taylor,2015-09-20
264,"688 King Course Apt. 010
North Jenniferfort, FL 53619",Sonya Mason,2015-09-21
265,"7731 Smith Dale Suite 506
Port Sherry, NY 87805-9538",Autumn Taylor,2015-09-21
266,"70787 Dunn Circle
Marcusshire, OK 86617",Laurie Martin,2015-09-21
267,"1182 Kelley Corner Apt. 945
Lake Alexandrafurt, WV 44587-7605",James Whitaker,2015-09-22
268,"USS Dunn
FPO AA 31424",Jason Brennan,2015-09-23
269,"32811 Ashley Rapid
South Jamesview, VA 18773-5271",Lisa Porter,2015-09-23
270,"54305 King Village
Port Joseph, TX 27525-3627",Daniel Parker,2015-09-24
271,"3735 Luna Springs Suite 927
New Brett, NJ 76972",Michael Johnson,2015-09-24
272,"5512 Julie River Apt. 970
Hesterberg, NH 09379-6936",Joshua Kelly,2015-09-25
273,"USNV Campbell
FPO AE 65310",Joseph Lewis,2015-09-26
274,"350 Benjamin Port
Lake Paul, RI 03977",Kevin Ingram,2015-09-26
275,"29124 Hudson Falls
Lake Timothyfort, TN 26065-2617",Sharon Evans,2015-09-27
276,"9456 Hicks Streets Apt. 409
Phillipsland, GU 36854",Gregory Jones,2015-09-28
277,"4338 Moore Gateway Suite 920
Robertshire, MO 08635-3735",Teresa Marquez,2015-10-03
278,"2005 Stafford Port Apt. 207
Johnsonport, KS 76158",Kimberly Oliver,2015-10-03
279,"9893 Susan Extension Suite 175
West Cassandra, UT 75616-5904",Gary Solomon MD,2015-10-04
280,"8567 Stephanie Burgs Suite 758
Port Jennifer, OH 11458",Alexa Burton,2015-10-04
281,"PSC 5820, Box 6833
APO AE 27228",Amber Wood,2015-10-05
282,"51371 Owens Lake
East Roy, VI 69879-7109",Jeffrey Brooks,2015-10-07
283,"430 Lauren Flats Suite 335
South George, MT 68711-6097",John Henry,2015-10-07
284,"8142 Mcdaniel Bypass Suite 830
East Tracy, FM 58136",Katelyn Gates,2015-10-08
285,"63475 James Falls
Karenhaven, PA 89976",Michael Johnson,2015-10-08
286,"57716 Robert Gateway Apt. 600
East Joshua, NY 83344",David Clark,2015-10-14
287,"883 Nichols Lake Apt. 523
West Robert, WI 81979-0293",Andrew Bell,2015-10-15
288,"82351 Anthony Walk
Susanfurt, MA 18698",Mrs. Anita Pena DDS,2015-10-19
289,"71223 Mullen Crossing
South Faithshire, HI 65751-4115",Debra Green,2015-10-19
290,"76873 Thomas Lodge Apt. 415
South Juliastad, DE 23048-6151",Ryan Williamson,2015-10-21
291,"605 John Stravenue
New Rebecca, WY 91078",Christopher Sparks,2015-10-22
292,"1013 Hayden Pines
Lake Craig, ND 84139-5139",Timothy Mills,2015-10-22
293,"07707 Amy Highway
West Dorothy, MI 09061-8798",Jacob Griffin,2015-10-24
294,"98439 Christine Mountain
Lawrenceborough, FL 37163",Hailey Martinez,2015-10-24
295,"2638 Bailey Estates Apt. 986
Michaelborough, MT 91127-9242",Jason Johnson,2015-10-25
296,"USCGC Davis
FPO AE 49123",Alyssa Massey,2015-10-28
297,"52514 Tamara Wells
Sherichester, WY 65264",Rachel Li,2015-10-28
298,"Unit 4900 Box 9762
DPO AA 49113",Alexander Sullivan,2015-10-30
299,"2850 Bobby Walks Suite 212
Elliottview, WV 24374",Trevor Reed,2015-10-31
300,"03054 Krueger Key Suite 339
Nguyenport, NC 54066-9726",Leslie Snow,2015-10-31
301,"61993 Brown Roads Suite 456
Port Michelle, UT 98049-1585",Andrew Bennett,2015-10-31
302,"88193 Brown Light Apt. 509
North Lisa, SC 60538-5539",David Lynch,2015-11-01
303,"3587 Billy Estates Apt. 089
Port Amyfort, VI 31064-3076",Courtney Miller,2015-11-02
304,"74872 Laurie Pines Apt. 852
Taylorchester, LA 56283-4011",Caitlin Rivera,2015-11-04
305,"USCGC Smith
FPO AA 93318",Erika Johns,2015-11-06
306,"35550 Tyler Fall Suite 384
Henryhaven, MH 46785",Adam Bryant,2015-11-06
307,"077 Madison Viaduct
New Matthew, MP 26442-4851",Nathan Graham,2015-11-06
308,"18482 Lopez Flats
North Christopher, WY 20132",Jeffery Andrews,2015-11-08
309,"5957 Young Cliff Suite 825
Leebury, SD 44619-6592",Christopher Wise,2015-11-09
310,"9197 Lonnie Trail Apt. 202
East Mark, MN 63633-9675",Emily Roman,2015-11-09
311,"0892 Hall Parkway Suite 792
New Jordanbury, KS 82042",Brandon Hill,2015-11-10
312,"625 Mcdonald Gateway Suite 341
Batesport, TN 81682-3004",Megan Leon,2015-11-11
313,"061 Price Mews
Juliaview, NJ 28598",Joanne Walton,2015-11-11
314,"171 Hogan Rapid
Lancemouth, WV 77661-2369",Roger Lyons,2015-11-11
315,"547 Leslie Terrace Apt. 976
Gilbertton, PW 91751",Christopher Lopez,2015-11-12
316,"39745 Haynes Highway Apt. 451
Christinebury, MH 88412",Amanda Villarreal,2015-11-12
317,"045 Ferrell Hill
Davishaven, GA 44078-2952",Jonathan Perry,2015-11-12
318,"934 Renee Oval
North Daniel, ME 97572",James Jones,2015-11-13
319,"28346 Vega Fort
South Travisberg, FM 10253-1599",Jessica White,2015-11-15
320,"2853 Cobb Neck
Parkbury, NY 05214-9107",Joseph Rodgers,2015-11-16
321,"0972 Miles Stravenue
New Sharonton, CO 75401-2788",Lisa Brown,2015-11-18
322,"563 Charles Orchard Apt. 358
Robinton, WA 48668-6722",Ronald Farrell,2015-11-18
323,"528 Conley Bridge
East Jennifer, HI 55977-9606",Ms. Emma Maldonado,2015-11-18
324,"Unit 0481 Box 3250
DPO AA 59441",John Holt,2015-11-18
325,"Unit 9535 Box 0337
DPO AA 62224-5506",Maria Yates,2015-11-19
326,"7529 Moore Rest Suite 996
Harrisstad, SC 21771",Kristina Bates,2015-11-20
327,"13527 James Canyon
North Latasha, OR 34880-9050",Cindy Delgado,2015-11-24
328,"1259 Kerr Highway Suite 271
East Williamburgh, PR 78747-7589",Emily Nelson,2015-11-24
329,"343 Scott Trafficway
North Brandon, NJ 77274-2171",Michael Green,2015-11-24
330,"282 Danielle Prairie Suite 212
Shawnbury, NH 07752",Wendy York,2015-11-25
331,"304 Hart Burgs Suite 673
West Jacobborough, VA 79314-2001",Christopher Horn,2015-11-25
332,"9020 Larry Gateway
South Jonathan, VA 98217-9918",Belinda Marshall,2015-11-26
333,"1702 Hamilton Drive Apt. 432
Jessicamouth, ID 60938",Michael Pearson,2015-11-26
334,"5632 Schultz Hollow
Lake Natalieport, UT 49662",Gregory Gordon,2015-11-27
335,"653 Sullivan Ville Apt. 943
Michaelton, KS 85686",Andrew King,2015-11-28
336,"79551 Douglas Knoll
Port Matthewside, LA 41992",Sheila Johnson,2015-12-02
337,"700 Sheppard Fort
Kennethfort, IA 94932-1535",Daniel Gallagher,2015-12-03
338,"6506 Miller Course Suite 538
South Amychester, AS 39500",Angela Callahan,2015-12-06
339,"4703 Tracy View
East Davidmouth, LA 64930-0428",Carl Crawford,2015-12-06
340,"348 Wells Squares Apt. 841
Williamsshire, WI 60157",Paul Drake,2015-12-07
341,"Unit 3737 Box 5636
DPO AA 28279",Paula Robinson PhD,2015-12-10
342,"88521 Green Coves
New Julia, MS 84574",Paul Cummings,2015-12-12
343,"11280 Donovan Plains Suite 030
West Juanhaven, NE 08214",Deanna Ray,2015-12-14
344,"2743 Edwards Rapids Suite 801
Martinshire, MI 23586-1662",Alyssa Johnson,2015-12-14
345,"62080 James Land Apt. 862
West Justinmouth, NJ 71947",Heather Moreno,2015-12-17
346,"6178 Dudley Pass
South Kiaraville, VA 10882",Steven Carter,2015-12-19
347,"2000 Anthony Shoals Suite 930
Christopherville, MD 00834",Elizabeth Huerta,2015-12-20
348,"7531 Mathis Inlet
Richardborough, VT 41128-2580",Rebecca Patterson,2015-12-20
349,"3684 Williams Valley
Port Dylanbury, IL 74449-7547",Dustin Harris,2015-12-20
350,"76641 Angela Heights Suite 146
Port Pamelamouth, MP 56462",Stephanie Reyes,2015-12-24
351,"1228 Casey Glen Suite 812
Briannaport, MD 50922",Nancy Gomez,2015-12-25
352,"7684 Michael Cliffs Suite 897
West Bob, TX 88483",Brittany Williams,2015-12-27
353,"943 Singh Trace
Boydtown, SC 12881-3265",Shawn Serrano,2015-12-28
354,"15339 Lawrence Mount Suite 028
New Shariborough, MD 19638",Rachel Welch,2015-12-28
355,"135 Campbell Field
Jacksonshire, CA 93870-8496",Cindy Beck,2015-12-29
356,"579 Connie Island Apt. 917
East Brandon, CT 42530-3110",Deborah Ayala,2015-12-29
357,"PSC 4722, Box 2718
APO AP 88552",Michelle Cohen,2015-12-30
358,"14962 Sara Drive Suite 597
Port Danielle, ND 52019-7941",Meredith Brown,2015-12-31
359,"3143 Forbes Skyway Apt. 686
Ronaldshire, PR 21651-0511",Adam Moore MD,2016-01-02
360,"0214 Murillo Square Suite 781
East Codychester, DE 87575-2399",Kristi Woodward,2016-01-04
361,"72402 Beth Fall
South Jameston, DE 34692-0589",Derek Clay,2016-01-04
362,"Unit 4802 Box 6483
DPO AA 06503-8546",Joann Mckenzie,2016-01-05
363,"15294 Andrea Track Apt. 617
Lake Williamtown, KY 28144",Eugene Johnson,2016-01-07
364,"443 Susan Ferry
New Crystalmouth, MN 31066-1614",Seth Kennedy,2016-01-07
365,"46415 Adam Gateway Suite 375
Edgarshire, AZ 47550-4794",Jennifer Gray,2016-01-07
366,"5141 Jeffrey Branch Suite 930
Brendahaven, GA 23173-5566",Perry Ramirez,2016-01-08
367,"72173 Jennifer Parkway
Port Julie, MH 34455",Michael Jordan,2016-01-09
368,"05701 Graves Ridge Suite 233
Davidport, CO 06574",Catherine Jacobs,2016-01-10
369,"9492 Avila Via
Woodardshire, ID 97325",Sara Choi,2016-01-10
370,"0022 Porter Valleys
Catherineside, MS 84050-4592",John Nelson,2016-01-10
371,"0726 Jarvis Mission Apt. 992
Rogersbury, GU 03575",Robert Smith,2016-01-11
372,"744 Evans Groves Apt. 410
Leeborough, TX 10419",Trevor Maxwell,2016-01-11
373,"056 Thomas Valleys
Ericksonland, VA 74991",Kimberly Smith,2016-01-11
374,"22586 Rodriguez Port
Lake Jeremy, ND 28413-6335",Nicole Russell,2016-01-12
375,"165 Johnny Land Apt. 749
East Kathrynfurt, HI 57499",Tyler Pierce,2016-01-13
376,"8702 Owens Manors Apt. 957
Petersside, IA 27114",Brianna Wallace,2016-01-13
377,"461 Maria Coves Apt. 294
South Seanmouth, CT 74257",Ryan Archer,2016-01-14
378,"47310 Sydney Square Suite 031
Port Theresa, RI 18113-0577",Amanda Griffin,2016-01-15
379,"5529 Erin Summit Apt. 989
Elizabethmouth, NC 69318-1874",Rachel Johnson,2016-01-16
380,"639 Vasquez Parkways
Millerville, MH 77037-9287",Thomas Mercer,2016-01-17
381,"992 Miller Trail
Samuelfurt, DC 74552-5129",Mindy Andrade,2016-01-17
382,"241 Joshua Mountain
Christopherberg, MS 48088-8846",Ronald Archer,2016-01-18
383,"65775 Sarah Highway Suite 310
Campbellmouth, PA 61586-9696",Steven Hoover Jr.,2016-01-20
384,"23058 Pamela Shores Suite 674
North Christopherstad, CO 90398",Heidi Fuller,2016-01-20
385,"136 Hartman Corner Suite 351
Port Bernard, WV 14935-3167",Jennifer Dickson,2016-01-20
386,"2625 Valdez Village Apt. 806
Matthewtown, RI 47468",Alexandria Norman,2016-01-22
387,"55679 Keith Fords
Lake Sabrina, IN 58104",Amanda Mullins,2016-01-23
388,"3814 Tasha Plains
East Benjaminfort, PA 48659-2138",Derek Clark,2016-01-23
389,"USNV Adams
FPO AE 24334",Gabrielle Townsend,2016-01-23
390,"857 Juarez Shoal Apt. 977
Jonesport, GU 19630",James Rasmussen,2016-01-23
391,"7594 Gonzalez Viaduct Apt. 561
Kentberg, AR 95780",David Baxter,2016-01-24
392,"268 Pollard Ranch
Melaniebury, OH 75659-7553",Dakota Mann,2016-01-25
393,"28624 Martinez Hollow Apt. 948
East Anita, KY 86101",Christopher Cobb,2016-01-25
394,"6835 Tyler Groves
Mejiastad, NC 07985",Tammy Barber,2016-01-25
395,"8500 Danielle Springs Suite 653
Waltonville, KS 58699",Pamela Luna,2016-01-26
396,"691 Berg Parkway Apt. 021
North Christopherfurt, MD 26246",Melanie Garcia,2016-01-26
397,"USCGC Donaldson
FPO AP 58478",Patrick Smith,2016-01-28
398,"USNV Harris
FPO AE 46293-7646",Mary Garrett,2016-01-31
399,"9631 Meyer Island
Port Samantha, WI 14822-5078",Matthew Williams MD,2016-01-31
400,"907 Hayden Plains
Currybury, NV 25221",Bradley Lloyd,2016-01-31
401,"36485 Hoffman Ramp Apt. 666
New Jonathan, AR 40805",Jason Keller,2016-02-02
402,"16908 Regina Mountains Apt. 175
New Curtismouth, VA 87828-5141",Crystal Sharp,2016-02-04
403,"6940 Kane Orchard
North Luischester, VT 68692",William Barnes,2016-02-07
404,"42256 Lee Valley Apt. 391
Carlosport, NJ 87261-2185",Beverly Smith,2016-02-07
405,"1823 Michael Shore Apt. 268
Port Charlesport, MS 35070-7762",Vanessa Armstrong,2016-02-07
406,"PSC 1307, Box 9226
APO AA 13449",David Watts,2016-02-08
407,"89836 Bryant Vista Suite 899
Ashleyburgh, RI 71787-8368",Dawn Bird,2016-02-09
408,"375 Burch Place Suite 411
Pereztown, VT 27747-0789",Maria Perry,2016-02-09
409,"3856 Joseph Park
West Christine, SC 47871",Tony Hill,2016-02-09
410,"85356 Dawson Spurs Apt. 760
Samuelstad, NM 62623",Ashley Ryan,2016-02-10
411,"84069 Jessica Road
Lake Garyton, AZ 35200-9940",Robert Mendoza,2016-02-10
412,"9230 Boyd Land Apt. 834
Skinnerfurt, MD 11590-3945",Chad Hunter,2016-02-10
413,"72453 Tamara Junction
Karenchester, MH 56392-8968",Thomas George,2016-02-12
414,"61149 Potter Springs Suite 474
Hardinghaven, NY 27715-1332",Trevor Bennett,2016-02-14
415,"98573 Scott Prairie
Pittmanport, SC 19300-0611",Brett James,2016-02-14
416,"383 Joseph Rue
Michaelmouth, IL 38890",Elizabeth Hale,2016-02-18
417,"4936 Martinez Mill
East Scott, KS 01478",Jennifer Gonzalez,2016-02-19
418,"1372 Johnson Streets Apt. 695
Brianview, WY 02412",Scott Smith,2016-02-19
419,"326 Stone Ridge
South Deannachester, HI 45728",Mark Harris,2016-02-20
420,"714 Cain Hill
Perezside, MA 70149-3331",Carl Garcia,2016-02-21
421,"5442 Lisa Estate Apt. 830
Lake Nicholas, WI 99859",Samuel Mckinney,2016-02-21
422,"62783 Bennett Road Suite 868
Lake Lisa, WI 27986",Evan Porter,2016-02-23
423,"8045 Renee Summit
New Gerald, NY 96310",Jade Blevins,2016-02-23
424,"109 Leslie Plaza Apt. 118
Liview, FM 84415-4474",Thomas Parker,2016-02-23
425,"10700 Ellis Motorway
Lopezview, RI 27460-1742",William Phillips,2016-02-24
426,"50555 Bailey Mountains
Smithtown, PR 77203",Dennis Leach,2016-02-25
427,"592 Oneill Club
South Haley, MA 92636-5979",Robert Jackson,2016-02-26
428,"22996 Reid Mills Suite 423
Doylefort, NE 98284-7386",Wyatt Dorsey,2016-02-27
429,"1647 David Burg Suite 539
Cowanberg, NC 75800-1759",Monica Neal,2016-02-27
430,"700 Elizabeth Mall Suite 924
Brownmouth, AL 44029-3690",Carrie Green,2016-02-28
431,"6945 Kendra Stravenue
New Lisahaven, ID 83923",Mr. Jeffrey Stewart DDS,2016-02-28
432,"74893 Carl Square Suite 166
Scottbury, ME 57810",Dylan Maddox,2016-02-29
433,"723 Leon Manors Apt. 642
South James, ME 31688-7493",Danielle Williams,2016-02-29
434,"0243 Wilkerson Ville Apt. 633
Michaelville, RI 22092-1852",Marissa Sanchez,2016-02-29
435,"82995 Adam Station Apt. 540
New Ginaland, MT 85622",Erika Parsons,2016-03-03
436,"3858 Jones Stravenue
East Kristen, DE 91949",Emily Jensen DVM,2016-03-06
437,"28274 Lopez Tunnel Suite 703
Lake Michelle, NC 30957-2403",Ethan Sanchez,2016-03-06
438,"66630 Austin Glen Suite 205
Mirandaborough, AK 32135-5875",Carl Peterson,2016-03-07
439,"14064 Hanson Villages
East Sandra, VT 71237",Alfred Potts,2016-03-08
440,"7230 Walker Green Suite 557
Adrianshire, MO 54200-5418",Ryan Goodman,2016-03-09
441,"609 Singleton Rapid Apt. 560
Christinafort, GU 56494-2322",Derrick Conrad,2016-03-10
442,"USS Weaver
FPO AE 47814",Sharon Schroeder,2016-03-11
443,"545 King Port Apt. 601
Aguilarmouth, PW 51562",Stephen Ramos,2016-03-13
444,"14700 Walton Junction Suite 416
Port Robert, NC 77870",Dr. Phyllis Todd,2016-03-13
445,"6126 Randy Knoll
Normanbury, PR 46789-9544",Michael Bailey,2016-03-14
446,"74499 Todd Prairie
Port Autumnstad, MN 22021-4762",Karen Baker,2016-03-17
447,"209 Carol Underpass Suite 424
Port James, IN 13094-7290",Miss Mary Williams,2016-03-17
448,"97670 Graves Spring
East Whitney, LA 20366",Jeremy Odonnell,2016-03-18
449,"28365 Jackson Common Apt. 999
Jenniferhaven, GU 73443",Lindsey Rodriguez,2016-03-19
450,"15332 Erica Island Suite 946
North Shannon, OR 11776-2192",Christopher Campbell,2016-03-19
451,"969 Thompson Trafficway
South Michelechester, TN 20657-4294",Jason Yoder,2016-03-19
452,"2475 Salinas Port
Port Hannah, WV 19439-1780",James Alexander,2016-03-20
453,"565 Coleman Valleys Apt. 450
Port Victoria, MO 20972-6360",Michelle Davis,2016-03-21
454,"5411 Jasmine Shoal
North Michelleport, NH 30603-4555",Rachel Robinson,2016-03-21
455,"96371 Williams Valleys
Davisbury, AK 62364",Ryan Lee,2016-03-21
456,"86463 Clark Square
New Daisy, NC 67787-8006",Lori Wood,2016-03-21
457,"3468 Larry Knolls
Tannerville, OH 51823",Angela Swanson,2016-03-23
458,"8816 Webb Summit
Lake Darrell, AK 75793",Crystal Moreno,2016-03-26
459,"2993 Scott Views Suite 801
Mcintoshton, VI 79149-8429",Angel Gray,2016-03-27
460,"Unit 7972 Box 7931
DPO AP 90581",Joe Gonzalez,2016-03-28
461,"841 Bryan Via Suite 969
Lake Aimeefort, MI 78484",Michelle Smith,2016-03-28
462,"PSC 1828, Box 9004
APO AP 15943-0221",Mary Newman,2016-03-28
463,"6131 Green Plains Suite 252
East Jillville, AR 74187",Kimberly Allen,2016-03-29
464,"01990 Ortega Road
West Justin, VA 11135",Jennifer Barnes,2016-03-31
465,"0959 James Ridges Apt. 372
Hallside, MD 05130-1828",James Wright,2016-03-31
466,"0954 Gibbs Common
Yangberg, MI 91586",Bryan Vincent,2016-04-01
467,"26050 Morton Corner Suite 438
New Cynthia, OK 96043",Dawn Robinson,2016-04-01
468,"6504 Donald Terrace
Dorseyberg, OK 64191-0091",Christine Cox,2016-04-02
469,"9224 Ward Forges
Port Hannahton, AK 85175-3170",Michele Adkins,2016-04-03
470,"24501 David Estates
Jacksonside, CO 11094-9979",Vicki Hahn,2016-04-06
471,"69640 Parrish Shoals Suite 794
Jackside, SC 74315-0472",Victor Clay,2016-04-08
472,"Unit 3491 Box 5345
DPO AE 03170",William Stewart,2016-04-09
473,"075 Hahn Burg
Port Katherineside, MO 35527-9139",Anthony Miller,2016-04-10
474,"3538 Noble Junction
Ginachester, FM 48729",Matthew Willis,2016-04-14
475,"9018 Eileen Extension Apt. 441
Georgeland, MO 44787-0994",Christine Hall,2016-04-14
476,"221 Denise Orchard Apt. 476
North Lee, MH 15175",Hannah Schultz,2016-04-14
477,"296 Hernandez Cove Suite 747
East Michael, IN 99714",Sarah Gonzalez,2016-04-15
478,"961 Adam Wall Apt. 779
South Jared, CO 39441-3526",Tracy Garcia,2016-04-15
479,"48387 John Island Suite 519
Lake Andrewmouth, ND 09203-5280",Anthony Peck,2016-04-15
480,"85908 Lowe Vista
Lake Alexandraborough, OH 58283",Kelsey Christensen,2016-04-19
481,"08816 James Parks Suite 690
South Daniel, AL 63820",Kenneth Middleton,2016-04-19
482,"33579 Hill Fall Apt. 543
West Suzanne, MA 18245",Mr. Charles Sanchez,2016-04-23
483,"12867 Spencer Lodge
Lake Noahfort, NV 75721-8116",Amber Tanner,2016-04-24
484,"Unit 6342 Box 8890
DPO AP 52855",Justin Lewis,2016-04-25
485,"2880 Tyrone Canyon
Shannonland, TN 78658-7124",Cindy Scott,2016-04-25
486,"836 Stacey Passage
Port Amandaton, DE 89914",Maria Hartman,2016-04-25
487,"15715 James Crest Suite 064
Erictown, OH 45556-9627",Terry Young,2016-04-27
488,"77014 Craig Ford
Smithview, MD 69469-9361",Ryan Vincent,2016-04-28
489,"3719 Lewis Flat
Port Beth, DE 80394-5012",John Daniel,2016-04-29
490,"13044 Johnson Islands
New Rachelview, LA 19807-1435",John Walker,2016-04-29
491,"5266 Mitchell Corners
South Elizabethborough, GA 69851",Joseph Richards,2016-04-30
492,"24068 David Lane Apt. 929
Gonzalezstad, AR 51471-2216",Lisa Fleming,2016-05-01
493,"12345 Gabriel Spur
Lake Joseph, IA 42743",Jasmine Clayton,2016-05-01
494,"4422 Tracey Extension
Amberside, TN 48861",Anthony Nguyen,2016-05-02
495,"5784 Kristen Rapids
Johnnychester, WA 05435",John White,2016-05-03
496,"2011 Tran Radial Suite 482
Lake Garytown, ND 12759",Anthony Munoz,2016-05-05
497,"8173 Kevin Cape
Davismouth, AL 11728-2579",George Ellis,2016-05-07
498,"45087 Chelsea Divide
Lake Tiffanytown, TX 17297",Jeffrey Case,2016-05-09
499,"PSC 7645, Box 1695
APO AE 17579",Justin Campbell,2016-05-09
500,"73899 Christina Route Suite 783
Christophermouth, KS 52970",Jeremy Berger,2016-05-10
501,"198 Huff Heights Suite 656
Lake Scottmouth, MA 49154",Sydney Anderson,2016-05-10
502,"68353 Farley Skyway Apt. 937
South Mike, CT 81892-8617",Jennifer Ayala,2016-05-12
503,"0821 Nelson Underpass
Adamsbury, AK 69734-9383",Heather Baker,2016-05-12
504,"Unit 5501 Box 0338
DPO AE 06291-8730",Angel Bennett,2016-05-12
505,"0584 Yoder Mission
Maryside, VA 09317-7306",Christy Johnson,2016-05-13
506,"010 Smith Mission
West David, VI 69069-9001",Nicole Perez,2016-05-14
507,"292 King Knolls Suite 640
Lauramouth, ND 60184",Nathan Owen,2016-05-15
508,"41245 Castaneda Islands
West Amandachester, FM 19029-0341",Robert Estrada,2016-05-18
509,"0177 Sara Corners Suite 683
Williamsonville, VT 62870-8803",Jose Wells,2016-05-18
510,"8735 James Parks
South Ryan, OR 72388",Michael Rodriguez,2016-05-18
511,"0917 Bell Stravenue
East Karaburgh, FL 86905",Stacey White,2016-05-18
512,"25158 Marie Spurs
West Daniel, CO 11045-0080",Robert Lane,2016-05-19
513,"2107 Kevin Viaduct
Lake Brenda, DC 84081",Stephen Lewis,2016-05-22
514,"88082 Adam Summit Suite 727
New Dennis, HI 06269-9706",Craig Johnston,2016-05-22
515,"2372 Cortez Turnpike
Johnmouth, NH 74206",Steven Preston,2016-05-27
516,"4123 Heidi Circles
Millerside, NC 96695-6871",Susan Kim,2016-05-29
517,"72004 Samuel Mission
Dwaynebury, MO 23470-2566",Hannah Hodges,2016-05-30
518,"294 Stephen Trail
Zacharyshire, LA 00404",Adam Young,2016-06-01
519,"4963 Dakota Forks Suite 995
Lake Rachelborough, AL 89766-8305",Randall Wright,2016-06-01
520,"74194 Coleman Circles Suite 033
South Jordanside, MD 10065",Lori Clark,2016-06-02
521,"58583 Tonya Junction
Lozanohaven, TX 27862",Catherine Preston,2016-06-03
522,"5674 Jenny Union Suite 053
Ramirezville, AZ 89733-5944",Kristie Arnold,2016-06-05
523,"9919 Donna Court Suite 050
Benjaminburgh, ID 87071",Sarah Gonzalez,2016-06-06
524,"941 Mary Extension
North Tiffany, DE 71055-5302",Brian Harris,2016-06-06
525,"USNV Reyes
FPO AA 06614-6775",Adam Coleman,2016-06-06
526,"84333 Little Knoll Suite 396
Parsonshaven, PA 00845-4564",Rebecca Fuller,2016-06-06
527,"46274 Jessica Key
Richardborough, MA 76023",Michael Thomas,2016-06-09
528,"Unit 4613 Box 6981
DPO AE 85505-7131",Christopher Boyer,2016-06-11
529,"254 Rebecca Divide
Derekport, IA 54387",Richard Weiss,2016-06-11
530,"2984 Destiny Gardens Apt. 645
New Rachelview, NY 86023",Lauren King,2016-06-11
531,"16975 Alejandro Shores Suite 308
Mendozafort, HI 61200",Donald Ward,2016-06-13
532,"19091 Molly Cove
New James, OH 96842",Candice Campbell,2016-06-16
533,"4378 Michelle Station
East Melindaview, LA 56904-6360",Richard Mitchell,2016-06-18
534,"52544 Gina Fort
Ronaldfurt, IN 69268",Victoria Woods,2016-06-18
535,"0288 Alejandro Crest
New Brittany, VA 24170",Brian Sullivan,2016-06-19
536,"9890 Barbara Shore
Lake John, NH 53995",Ann White,2016-06-19
537,"906 Mccann Island Apt. 489
East Steven, HI 09658",Jacob Charles,2016-06-19
538,"2338 Kelly Ford Apt. 262
Cainport, AK 01930",Andrea Rich,2016-06-20
539,"451 Julia Gardens Suite 518
Brittanyhaven, DC 53751",Mrs. Joanne Brooks DDS,2016-06-25
540,"51469 Christopher Ranch Apt. 448
Martinezmouth, VA 73934",Tracey Martinez,2016-06-26
541,"693 Donald Ways
Walkerburgh, GU 11110-9314",Angela Jacobs,2016-06-28
542,"6395 Rhonda Greens Apt. 109
Seanmouth, VT 35812",Catherine Mcdowell,2016-06-29
543,"513 Christina Knoll
Christianborough, MD 61928",Tracey George,2016-07-01
544,"764 Bryan Junctions Suite 835
Cristinaberg, NM 63159",Brandy Gutierrez,2016-07-01
545,"986 Jackie Terrace Apt. 341
West Jason, RI 94517",Edward Hall,2016-07-02
546,"96404 Elliott Alley Apt. 589
Montoyashire, VT 07306-3159",Antonio Wells,2016-07-02
547,"34253 Luke Port Apt. 515
Duncanmouth, HI 11254",Christopher Thomas,2016-07-02
548,"08784 Charles Stravenue Apt. 061
North David, NY 92644-1612",Thomas Ross,2016-07-02
549,"033 Brown Spur Suite 934
West Anthonystad, ME 96457",Samantha Clements,2016-07-02
550,"31642 Lynch Streets
Kathrynmouth, RI 31685",Yesenia Casey,2016-07-03
551,"2850 Payne Port Apt. 318
Lake Susanfort, MI 82368",Thomas Vaughn,2016-07-03
552,"299 Armstrong Falls Apt. 365
New Paulfurt, MI 88833-7042",Eric Villanueva,2016-07-03
553,"8072 Patricia Lake
East Jacob, OK 62024-2656",Dr. Duane Reynolds,2016-07-05
554,"USCGC Reyes
FPO AP 81191",Jacqueline Potter,2016-07-06
555,"9884 Anthony Ferry
Shelbyland, NJ 94366-9507",Ronald Barker,2016-07-07
556,"447 Atkins River Apt. 814
Christinahaven, NV 57338-4359",Hector Davis,2016-07-08
557,"83700 Price Route
Lake Aliciamouth, TN 61794-1880",Stephen Jones,2016-07-08
558,"3908 Mary Lodge Apt. 128
South Patrickport, MI 98066-3391",Stacy Hutchinson,2016-07-09
559,"563 Reyes Cove
Olsonmouth, FL 88730-5038",Alexandra Lawrence,2016-07-10
560,"41651 Fernandez Shores Apt. 580
East Audreyside, MP 41605-3136",Kristopher Dennis,2016-07-10
561,"86509 Smith Mill Apt. 184
Perezchester, CO 41728",Jason Larson,2016-07-13
562,"883 Bell Neck
Tonybury, MN 87618",Karen Horne,2016-07-13
563,"8466 Castillo Pike
West Jason, DE 81418",Marcus Molina,2016-07-14
564,"57064 Nunez Circles Apt. 184
Lake Bethside, AK 22519-6622",Nicole Henderson,2016-07-14
565,"8972 Gardner Green
Lake Chelseychester, OH 24243-3519",Erica Thompson,2016-07-15
566,"7038 Howell Drive Suite 545
Smithview, AS 36552-4194",Kimberly Malone,2016-07-16
567,"0711 Owen Drives
Veronicaland, SD 18156",Christopher Zimmerman,2016-07-16
568,"40119 Williams Landing Suite 720
East Gabriellaport, MO 40955-5063",Brenda Wood,2016-07-17
569,"598 Andrew Mountain
Thomasbury, ME 27914-0212",Makayla Shields,2016-07-19
570,"682 Jennifer Grove Apt. 308
West Kathryn, MN 74787",Samuel Mckay,2016-07-20
571,"31474 David Flats
Flynnchester, PR 40918-9924",Benjamin Henson,2016-07-20
572,"6649 Martin Mountains Apt. 830
Cabreraside, CO 02699",Philip Yates,2016-07-21
573,"182 Joshua Plaza
Charlesville, SC 53868-6222",Andrew Smith,2016-07-21
574,"Unit 2569 Box 3397
DPO AP 77469-6746",Peter Combs,2016-07-22
575,"688 Larsen Extensions
Brianside, AR 52389",Adrienne Burns,2016-07-22
576,"686 Rachel Meadows Apt. 924
West Christinafurt, AR 72378",James Peterson,2016-07-23
577,"577 Wheeler Highway
Lake Johnmouth, WY 12225",Whitney Armstrong,2016-07-24
578,"6666 Dominique Prairie Suite 789
South Michelleberg, CA 75814-4672",Dennis Soto,2016-07-25
579,"01857 Juarez Flat
Robinsonview, FM 47859-9319",Elizabeth Carey,2016-07-26
580,"10917 Green Union
Fischertown, WY 48647",Chelsea Ortega,2016-07-26
581,"727 Michael Squares Apt. 670
Thomasborough, OK 19399",Sergio Scott,2016-07-27
582,"550 Reid Pines
North Dakotaport, WA 31557-8280",Leslie Buckley,2016-07-28
583,"91102 Robert Drive Suite 840
Richardview, OK 25042",Samuel Newman,2016-07-29
584,"Unit 8629 Box 3880
DPO AP 83508-2143",Carmen Alexander,2016-07-29
585,"10147 Gray Station
Port Marytown, VT 92631",Timothy Bryan PhD,2016-07-29
586,"04760 Silva Camp
New Kathymouth, DC 33436",Nathan Park,2016-07-29
587,"955 Ward Flat Suite 016
New Loretta, AK 55846-3597",Mrs. Susan Huff,2016-07-30
588,"95988 Cristian Lights
Donovanfurt, MI 59814",Tara Doyle,2016-07-31
589,"37737 Russell Circles
Port Craigside, LA 03172",Lucas Le,2016-07-31
590,"28253 Jeffrey Lights
Welchmouth, MD 97701",Mr. Derek Knight,2016-08-01
591,"03936 Taylor Pine
Joshuastad, CA 58833-1598",Shane Swanson,2016-08-04
592,"5795 Michael Tunnel Suite 612
Deniseshire, AS 77842",Michelle Miller,2016-08-04
593,"PSC 0678, Box 2046
APO AA 11967",Sarah Simmons,2016-08-05
594,"650 Stacy Estate
Wayneport, MS 50800-7690",Paula Smith,2016-08-05
595,"133 Kenneth Streets
Nicholeview, MO 01801",Susan Horton,2016-08-07
596,"114 Mitchell Stravenue Suite 506
Jeremiahview, PW 06431-0309",Michael Mcintosh,2016-08-07
597,"601 Cheryl Manors Apt. 488
New Jenniferport, MS 65328",Heather Poole,2016-08-07
598,"51855 John Flat
Jeffersonshire, NV 49744",Brian Snyder,2016-08-08
599,"450 Turner Green Apt. 755
Boonehaven, ID 52904",Karen Hampton,2016-08-08
600,"281 Dunn Heights Suite 246
Ryanfort, KY 62261-2988",Veronica Barnes,2016-08-11
601,"USNV Huber
FPO AE 01850",Lee Anderson,2016-08-12
602,"5413 Nelson Field Apt. 257
Heatherhaven, ID 75817-3573",Sara Cooley,2016-08-13
603,"Unit 4042 Box 7130
DPO AP 19303",Brianna Lutz,2016-08-14
604,"960 Glenda Run
Lewisview, IA 56770-0242",Keith Lewis,2016-08-15
605,"497 Perry Harbor Suite 222
West Amandaland, IN 98876-3020",Jocelyn Carson,2016-08-16
606,"4571 Jennifer Ville
Donaldberg, NV 80435-7416",Gregory Brewer,2016-08-16
607,"88760 Cline Mission
Smithberg, OH 64376-1555",Jeremy Dominguez,2016-08-16
608,"594 Herman Spurs Apt. 371
Danielleton, IL 16699-6515",Morgan Sanders,2016-08-17
609,"4890 Brown Gardens
Port Jessicaborough, HI 84225-8519",Nicole Love,2016-08-19
610,"49768 Brad Ports
Lake Laura, AZ 96097-7366",Shelly Lopez,2016-08-19
611,"5313 Cannon Isle Apt. 128
North Meghanport, NY 03167",Thomas Crawford,2016-08-20
612,"8738 Ramos Light
Howardside, GU 07907-1564",Sandra Drake,2016-08-21
613,"195 Julia Plaza Apt. 383
Lake Daniel, IN 19550-5195",Kevin Todd,2016-08-22
614,"96046 Hatfield Plain
Gonzalezside, IA 13466-5453",Richard Gomez,2016-08-22
615,"74692 Baker Pine Apt. 542
West Brenthaven, VA 12761",Spencer Young,2016-08-23
616,"8679 Rachel Neck Apt. 521
Port Stephanieport, NH 31770",Whitney Woods,2016-08-24
617,"67345 Brent Coves
South Robert, OH 33311",Shawna Holloway,2016-08-26
618,"9379 James Greens
Kimberlymouth, CT 53491",Rebecca Casey,2016-08-28
619,"28217 Cook Corners Suite 673
Lake Roberttown, MT 05460-5276",Carlos Stephenson,2016-08-29
620,"5773 Tyler Freeway Apt. 999
Sarahport, AL 90943",Jonathan Payne,2016-08-29
621,"170 Malone Brooks
Dianaville, ME 73324-9216",Isabella Young,2016-08-29
622,"7641 Singleton Key
Marshborough, FM 16492",Lindsay Aguirre,2016-08-31
623,"17926 Jermaine Prairie
Jenniferland, RI 08823",Robert Smith,2016-09-01
624,"522 Miller Green
Port Scottside, MT 35343-8062",Jeanette Chen,2016-09-01
625,"Unit 6466 Box 7632
DPO AP 12945-3422",Alyssa Bonilla,2016-09-01
626,"37266 Garner Prairie
Scottborough, WA 49382",Stacey Doyle,2016-09-01
627,"7394 Brooke Forges
Alexisfurt, OK 26349",Donald Fernandez,2016-09-02
628,"6154 Decker Station
Perezport, NH 98774-1364",Jordan Herrera,2016-09-03
629,"78015 Matthew Mission Suite 845
Lake Alejandra, MT 63933-6665",Jack Friedman,2016-09-03
630,"1714 Adams Causeway
Lake Matthew, MH 42483-1659",Marisa Medina,2016-09-04
631,"88737 Christina Ridge Suite 512
North Heather, SD 78154-7153",Anna Thompson,2016-09-04
632,"Unit 6993 Box 2503
DPO AP 35708",Jessica Wright,2016-09-06
633,"075 Mendoza Burg Suite 909
Annemouth, MN 26792-7792",Matthew Cross,2016-09-06
634,"17301 Craig Ranch Apt. 498
Jessicaside, UT 48938-0130",Kathy Kelly,2016-09-08
635,"6381 Pope Unions Apt. 547
West Gerald, IN 43285",Mikayla Huffman MD,2016-09-08
636,"2908 Armstrong Motorway Apt. 799
Mcintyreton, PA 07176-3622",Collin Hughes,2016-09-11
637,"376 Jennifer Glens
Dawnborough, FM 28606-7531",Jeremy King,2016-09-12
638,"80878 Davis Avenue
Port Samuelshire, MH 50150-5608",Michael Lang,2016-09-13
639,"8787 Jordan Points
Port Katieview, PW 98169-0856",Ashley Ayala,2016-09-15
640,"PSC 6863, Box 8388
APO AE 08927",Katherine Kirby,2016-09-16
641,"327 Karen Parks
Hicksville, SD 25371-4563",Julie Hamilton,2016-09-16
642,"USS Bailey
FPO AP 52789-9209",Lydia Gentry,2016-09-18
643,"760 Harris Squares
Hayesberg, WA 28688-5491",Kimberly Barnes,2016-09-18
644,"90591 Howard Gardens
Ryanfort, WI 27162-9399",Gary Yang,2016-09-19
645,"389 Gonzalez Neck Apt. 613
Perezstad, KY 79578-0593",Patricia Contreras,2016-09-19
646,"3639 Reynolds Fields Apt. 067
Port Jessica, IA 33528-5452",Maria Stewart,2016-09-20
647,"04398 Kevin Locks
East Danielhaven, UT 74162-4123",Eric Alexander,2016-09-20
648,"81595 Karen Branch
Vickieberg, TX 42431-1503",Margaret Peterson,2016-09-21
649,"745 Sandra Stravenue
Amandaberg, FM 68364-8790",Jennifer Johnson,2016-09-22
650,"320 Benjamin Estates Suite 099
West Emilyborough, MD 93548",Michael Mcdaniel,2016-09-22
651,"94104 Harrison Wall
Greerhaven, NM 07304-8862",Andrea Hernandez,2016-09-22
652,"4764 Stevens Course
East Andrewstad, PW 19582-6409",Nathan Washington,2016-09-23
653,"USCGC Flores
FPO AA 77262",Mr. William Gutierrez Jr.,2016-09-23
654,"690 Devin Gateway Suite 676
Smithshire, GA 09050-0371",Jamie Morgan,2016-09-26
655,"40420 Jeffrey Road
East Josephmouth, HI 64166-8095",Allen Bennett,2016-09-26
656,"7988 Anderson Glens Apt. 946
Port Melissastad, LA 81029-7642",Robert Patterson,2016-09-28
657,"1377 Michael Isle Suite 351
Villarrealborough, FL 85173-9500",Mark Frost,2016-09-28
658,"962 Brian Estates Suite 478
Beckerfurt, WY 95331-6670",Laura Lewis,2016-09-30
659,"Unit 8796 Box 3915
DPO AE 39685",Frank Kelly,2016-10-04
660,"127 Katherine Glens
Richardshire, DE 22907",Matthew Hayes,2016-10-06
661,"6321 Paul Expressway
Port Dariusborough, MS 58902",Joseph Lester,2016-10-08
662,"2396 Allison Vista Apt. 937
Coxchester, KS 18391",Tracey Austin,2016-10-08
663,"1138 Velasquez Union
Rossside, MA 60597-8297",Kristin Little,2016-10-09
664,"89284 Dana Points
Lindatown, OR 62685-9553",Casey Hebert,2016-10-09
665,"4950 Bishop Dam Suite 825
New Matthew, CA 20722-5079",Stephanie Holt,2016-10-09
666,"57832 Joshua Village
New Randy, WV 34485-6226",Marvin Ward,2016-10-10
667,"5541 Jackson Knoll
South Amandashire, PW 46527-4965",Candace Gomez,2016-10-13
668,"USS Smith
FPO AP 08509",Mr. Randall Smith,2016-10-14
669,"38145 Jamie Stream
Elizabethshire, SC 59186",Scott Frank,2016-10-15
670,"1042 Smith Shoals
Ramosberg, MH 14913-2461",Jennifer Wright,2016-10-17
671,"380 Jack Mission Suite 803
Lake Jennifer, ME 12939-4238",Deborah Green,2016-10-19
672,"205 Bautista Points
Lewisberg, FL 06155",Angela Reynolds,2016-10-20
673,"7249 Elizabeth Flat
Autumnstad, MA 19600",Vanessa Rodriguez,2016-10-22
674,"60400 Michelle Heights
Smithfurt, MH 67630",Maria Smith,2016-10-22
675,"9062 Hall Spring
New Davidside, WY 90345-7061",Brandon Castaneda,2016-10-23
676,"56492 Katherine Manor
Fowlerville, NJ 42622-5455",Thomas Wilson,2016-10-24
677,"371 Andrea Dale
Sandraberg, AK 59382",Jason Clements,2016-10-25
678,"3494 Jones Cliff
Barnestown, UT 10860",Robert Webb,2016-10-25
679,"5108 Kimberly Mountains
Briannaborough, PW 71627",Joshua Williams,2016-10-26
680,"44412 Nelson Way
South Amanda, VI 13788-3237",William Sparks,2016-10-27
681,"7998 Walter Corners
Jonesview, OR 63154",Bradley Nelson,2016-10-27
682,"733 Ortiz Springs Apt. 812
Richardmouth, MO 64792-5903",Scott Mcclure,2016-10-28
683,"7529 Heather Lake Suite 026
Jasonmouth, ME 68154-1696",John Good,2016-10-29
684,"90139 West Neck Apt. 380
East Andrea, NM 30022-2215",Jennifer Burke,2016-10-30
685,"912 Russell Loaf Suite 887
Jonathanberg, NH 93881-4904",Erik Bennett,2016-10-31
686,"5723 Erik Cove
Port Jamesborough, NY 40458",Elizabeth Grant,2016-11-01
687,"92904 Lewis Greens
East Jessicashire, AS 16977-0613",Walter Hoffman,2016-11-02
688,"162 Marvin Place
Robertview, DC 50776",Jasmine Dawson,2016-11-02
689,"219 Laura Ford Apt. 721
East Sharonport, IN 18669",Karen Morales,2016-11-04
690,"3672 Ann Crossing
Port Amyfurt, OH 42912",Stephen Torres,2016-11-04
691,"40957 Bryan Road
Harveyfort, IA 01571",Calvin Adams,2016-11-06
692,"Unit 1083 Box 5776
DPO AE 57472",James Walton,2016-11-09
693,"USNS Lindsey
FPO AA 80458",Tyler Moore,2016-11-11
694,"41665 Ingram Hollow
Mcintoshmouth, CT 32198",Robin Burke,2016-11-12
695,"184 Estrada Locks
South Jessica, MO 56239",Mandy Morris,2016-11-13
696,"56049 Wright Street
Bellfort, AS 75787-1124",Patrick Rodgers,2016-11-14
697,"31820 Sarah Expressway Apt. 595
Lake Julie, HI 88196-5114",Tracy Fletcher,2016-11-14
698,"343 Tracey Drive Apt. 584
Tiffanyton, MD 10452-2758",Brian Silva,2016-11-15
699,"57197 Hubbard Ranch
Thompsontown, VA 69456",John Hinton,2016-11-15
700,"70107 William Mall
South Gailside, WY 32393-8803",Tina Smith MD,2016-11-22
701,"4365 Turner Light Suite 834
Tylerfort, VA 58945",Stuart Williams,2016-11-22
702,"8532 Linda Viaduct Suite 347
New Joel, VA 85873",Michael Kelly,2016-11-22
703,"035 Edward Tunnel
South Susan, ID 71304",Marco Melton,2016-11-23
704,"9238 Steven Turnpike
Robertostad, MA 40477-2957",Patricia Rogers,2016-11-24
705,"974 Sarah Dale Suite 173
East Jeremyville, VT 17850-3852",Jeffery Carroll,2016-11-25
706,"9064 Jon Shoals
East Elizabethville, UT 18745",Seth Meyer,2016-11-27
707,"PSC 4279, Box 3079
APO AE 46510",Joshua Swanson,2016-11-27
708,"96378 Pamela Locks
Port Joel, UT 15099",Robert Johnson,2016-11-29
709,"928 Thomas Springs
Nicholasport, MD 98167",Timothy Frank,2016-11-29
710,"6869 Miller Ville
Kristinmouth, MO 19634",Tyrone Reid,2016-11-29
711,"854 Meredith Center
Benjaminfort, SC 70001",Brenda Schultz,2016-11-30
712,"63592 Justin Fork Apt. 440
West Jeffreyview, RI 04001",William Anderson,2016-12-01
713,"PSC 8381, Box 1556
APO AA 62363",Bryan Young,2016-12-01
714,"8533 Garcia Drive
East Nathantown, RI 70855-6512",Sandra Jackson,2016-12-02
715,"54575 Gonzalez Club
Joannshire, TX 05386",Jacob Perry,2016-12-02
716,"2628 Roberta Crossroad Apt. 272
Lake Marcborough, AL 08021-5091",Kevin Riley,2016-12-03
717,"589 Guerrero Junction
East Malloryhaven, PW 55360",William Richardson,2016-12-03
718,"720 Debra Forge
Johnathanburgh, MS 63776-4767",Angela Edwards,2016-12-04
719,"6429 Jackson Trail Suite 248
Loveport, MP 95175",Johnny Woods,2016-12-06
720,"2576 Aaron Mill Suite 163
Lake Lindsey, VI 22655",Catherine Michael,2016-12-06
721,"Unit 2893 Box 1664
DPO AP 03307-8437",Ronald Crawford,2016-12-07
722,"43899 Daniel Inlet
Port Williamstad, MN 58212-8273",Richard Johnson,2016-12-08
723,"58427 Ibarra Via Apt. 613
South Justin, OH 98367",Cheryl Garrett,2016-12-09
724,"USS Jacobs
FPO AA 40530-6521",Sara Douglas,2016-12-11
725,"769 Kathy Highway
Howardfort, MA 88384",Lori Hubbard,2016-12-11
726,"625 Sandra View
Griffithstad, MT 70808-5197",Jenna Khan,2016-12-13
727,"02053 Edwards Isle
Richardsonside, WY 57682-8011",David Carey,2016-12-13
728,"0207 Williams Cliffs Apt. 983
Lewisville, SC 71674",Ernest Perry,2016-12-15
729,"70521 Patricia Springs Suite 605
New Erinton, AL 82452-5904",Perry Medina,2016-12-16
730,"508 Clinton Pine Apt. 105
Dianeport, GU 12339",Tammy Williams,2016-12-16
731,"90443 Horne View
West William, AZ 50753-4720",Veronica Mendez,2016-12-21
732,"929 William Mission Apt. 310
East Brian, WV 96267-4952",Breanna Jackson,2016-12-21
733,"454 Maureen Ports Apt. 346
Reeseport, OK 17079",Matthew Mason DDS,2016-12-21
734,"83191 Lambert Motorway Suite 265
Lake Adam, AZ 22501",Kevin Bryan,2016-12-22
735,"2055 Hamilton Course Suite 723
Kristinamouth, KS 27116",David Griffin,2016-12-24
736,"6348 Reed Points Apt. 437
South Stephanie, NV 91973-2785",Katherine Baker,2016-12-25
737,"610 Karen Cliffs Apt. 289
South Kimberly, ME 82875-6396",Lindsey Le,2016-12-27
738,"Unit 2373 Box 5313
DPO AP 31153",Tracy Gross,2016-12-29
739,"USNV Ford
FPO AE 72353-9292",Adriana Watkins,2016-12-30
740,"99581 Walter Drive
Angelaburgh, SD 52726-5430",Laura Jackson,2016-12-31
741,"2436 Anne Course Apt. 137
Conwaybury, MI 72574-8089",Shannon Miller,2017-01-02
742,"4354 Li Inlet Suite 815
Port Jonathan, VA 92545",Timothy Schneider,2017-01-02
743,"8173 Murphy Walk Apt. 271
North Dennis, WI 42879-8291",Carla Young,2017-01-02
744,"93225 Barnes Route Apt. 479
Roseport, RI 48786-9801",Crystal Ellison,2017-01-03
745,"USS Andrews
FPO AE 05848",Paul Mayo,2017-01-04
746,"162 Goodman Garden
Nataliemouth, LA 82918-1402",Vanessa Galloway,2017-01-04
747,"44193 Harris Locks Suite 431
North Lisa, ME 86714-7245",Lawrence Crawford,2017-01-04
748,"04775 April Wells Apt. 371
Lake Jerryhaven, NE 28817",Megan Frank,2017-01-04
749,"28043 Tim Motorway Suite 915
Port Angela, NE 32347",Eric Douglas,2017-01-06
750,"35439 Cassandra Run
Carrilloton, MT 44929-0270",Micheal Berry,2017-01-07
751,"9269 Hall Plain
Jonesport, NV 04894-6764",Tracy Lynch,2017-01-09
752,"40520 Tyler Path
Thomasview, WI 66572-4404",Joshua Stevenson,2017-01-10
753,"1006 Terri Parkway Apt. 272
Lake Antoniostad, VI 16275-4839",Kyle Howell,2017-01-10
754,"6039 Danielle Trafficway Suite 159
West Francesshire, CO 96386-1464",Alison Hayes,2017-01-12
755,"8852 Rebekah Point
New Derek, VA 15837-1397",Jimmy Villegas,2017-01-13
756,"091 Oconnor Rue
Morganfort, GU 13940-2726",Aaron Robinson,2017-01-13
757,"122 Chavez Ferry Apt. 992
Amandabury, SC 93480",Jacqueline Davis,2017-01-13
758,"330 Simpson Stravenue Apt. 785
Port Brenda, CA 42663-1015",Derek Williams,2017-01-14
759,"664 Adrienne Extensions Apt. 590
Phillipston, VA 55837-7322",Richard Salazar,2017-01-15
760,"55591 Schwartz Street
Youngland, CA 33125-6964",Lisa Lane,2017-01-15
761,"8461 Rachel Ranch Apt. 998
Webbport, NC 80119-7790",Jesus Wong,2017-01-15
762,"2273 Adams Crest Apt. 468
Brittneyland, MP 07935-2452",Corey Zimmerman,2017-01-16
763,"4178 Bobby Drive
Lake Timothyfort, MI 25495-2822",Robert Nguyen,2017-01-16
764,"98169 Joshua Forest Suite 693
New Mary, ME 66124",Patricia Davis,2017-01-16
765,"1344 Joseph Ramp Suite 239
Scottmouth, OK 87350-3298",Teresa Cunningham,2017-01-17
766,"80519 Griffin Overpass
Jeffreyborough, TN 30392-9052",Cynthia Lloyd,2017-01-18
767,"6376 Miller Drives Apt. 471
Larsonside, FL 91377",Noah Smith,2017-01-19
768,"6114 Gonzalez Point
North Jerrymouth, NE 97788",Michael Garcia,2017-01-19
769,"2747 Jonathan Trafficway Suite 911
Port Denisemouth, NM 81310-8757",George Wallace,2017-01-20
770,"Unit 0431 Box 5894
DPO AA 37164-9023",Alex Allen,2017-01-20
771,"805 Castaneda Dale Apt. 201
East Connieton, LA 59508-3821",Heather Griffin,2017-01-22
772,"13312 Pineda Track Suite 796
New Paulland, VA 92186-3131",Crystal Diaz,2017-01-22
773,"1770 Heidi Mews Suite 128
North Michaelton, IA 13945-0537",Dorothy Peterson,2017-01-25
774,"774 Veronica Glen
Rileyfort, DE 02766",Lydia Padilla,2017-01-28
775,"5633 Long Dam
North Rebeccaland, NE 44059-4083",Ms. Tiffany Lopez,2017-01-30
776,"28809 Christine Plains
Brandonchester, ND 24527",John Hart,2017-01-30
777,"Unit 7838 Box 7723
DPO AA 08089",Brian Stephens,2017-01-30
778,"Unit 3678 Box 5548
DPO AA 20796-0698",Manuel Wallace,2017-01-31
779,"53411 Melissa Stream
West Carolstad, LA 38461",Philip Morgan,2017-01-31
780,"2573 Jeffrey Glens
Miguelville, CA 66053-1172",Kenneth Wilson,2017-02-01
781,"PSC 2568, Box 4685
APO AA 07460",Brian Cuevas,2017-02-03
782,"93231 William Passage Suite 756
Bradleytown, AK 50055",Kendra Foster,2017-02-05
783,"04349 Leach Burgs Apt. 551
New Tanya, PA 04010-4696",Alexander Butler,2017-02-06
784,"407 Reed Trail Apt. 926
Lindsayhaven, WY 70182",Stephanie Velasquez,2017-02-06
785,"09009 Richardson Port
New Nathanfort, FM 99269",Jennifer Morris,2017-02-06
786,"88879 Margaret Hills Apt. 049
Ayersberg, ND 99434",David Gonzalez,2017-02-06
787,"58449 Mitchell Landing
Elizabethchester, ID 40500",Teresa Blackwell,2017-02-07
788,"928 Adams Burg Apt. 372
Port Ashleymouth, AR 89770-7649",Christina Dunn,2017-02-09
789,"Unit 0931 Box 5888
DPO AA 96403-9714",Timothy Mckee,2017-02-10
790,"552 Brian Shoal
South Ryan, CO 47826-8456",Savannah Johnson,2017-02-11
791,"48648 Mccarthy Parkways
Robertsborough, DE 34047-0972",Gail Smith,2017-02-12
792,"00312 Butler Burgs Suite 641
New Mark, AZ 78211-3279",Michelle Martin,2017-02-13
793,"PSC 9909, Box 6215
APO AP 02954-1216",Billy Hubbard,2017-02-14
794,"3335 Cynthia Mill Apt. 582
Phillipsside, TN 28056-1121",Erin Williams,2017-02-14
795,"295 Carrillo Field Suite 369
Lake Barbara, DC 68680",Alicia Davis,2017-02-15
796,"1269 Emily Spring Suite 490
Davisville, TX 93958",Michael Jones,2017-02-20
797,"25419 Ramirez Centers Suite 487
East Stephanietown, MA 92760",Sandra Strickland,2017-02-20
798,"770 Randy Drives
Port Scott, MO 41031-4888",Robert Lynn,2017-02-21
799,"9640 Lisa Trace
Chavezside, AL 92643",Sarah Howard,2017-02-21
800,"201 Williams Spring
North Jenniferchester, IN 07627",Travis Richardson,2017-02-23
801,"9379 Steven Square
South Edward, NH 28420",Cindy White,2017-02-24
802,"7597 Mccarthy Hollow Suite 387
Port Jeremy, FM 99496-9506",Tonya Williams,2017-02-27
803,"30611 Weaver Divide
Davidton, IA 42148",Paul Brown,2017-02-27
804,"3096 Amy Junction
Smithton, NV 63063-0561",William Phelps,2017-03-02
805,"20477 Le Views Apt. 686
Gonzalezmouth, NY 82925",Kevin Montoya,2017-03-03
806,"72767 Macias Isle
Tammystad, NE 40563",Johnathan Johnson,2017-03-06
807,"808 Bryant Loaf
Mcphersonfurt, NE 52702",Jon Gill,2017-03-06
808,"804 Burns Manor Apt. 669
Bruceview, AR 68748",Mitchell Andrews,2017-03-10
809,"0596 Robert Locks
Lake Patrick, AZ 91451-6380",Christine Perez,2017-03-11
810,"11828 Andrew Manors
South Kayla, NJ 12620",Joy Mann,2017-03-13
811,"74917 Harris Drive Suite 245
West Anaborough, AR 77533",Sherry Barnett,2017-03-15
812,"6288 Tran Fall Apt. 959
Darleneburgh, NV 83758-4312",Erika Weaver,2017-03-15
813,"2415 Frye Spurs Apt. 156
East Hannahbury, AS 10644",Dr. William Reilly DVM,2017-03-16
814,"50303 Tran Lodge
Jessicaview, UT 02910",Elizabeth Webb,2017-03-19
815,"USNV Raymond
FPO AE 12133-0208",Elizabeth Kim,2017-03-20
816,"793 Barrett Estate
Martinberg, OK 54425-0920",Kelly Norman,2017-03-22
817,"070 Shannon Mission
North Herbert, WI 84151-5865",Heidi Scott,2017-03-23
818,"12052 Willis Fall
Johnside, ME 62949-1806",Sarah Taylor,2017-03-25
819,"97540 Peters Isle Apt. 703
Boydbury, VT 56087-3746",Mario Golden,2017-03-25
820,"018 Morgan Ferry
Nicholsonhaven, MH 72263",Thomas Wallace,2017-03-26
821,"654 Garcia Shores Suite 655
Patriciahaven, NC 88725-3609",Samuel Dawson,2017-03-26
822,"52287 Mendoza Plain
Waltonville, MI 56589-5776",Brandon Kennedy,2017-03-27
823,"87648 Nicole Parkway Suite 931
Port Austin, NY 66546-0204",Donna Gray,2017-03-27
824,"7597 Brown Junction Suite 562
South Jennatown, OK 51169",Meagan Harris,2017-03-28
825,"51936 Mark Vista Suite 399
Whiteville, AZ 71865",George Kirk,2017-03-29
826,"Unit 0962 Box 3556
DPO AA 71098",Samantha Cooper,2017-03-31
827,"5553 Navarro Path Suite 690
Tammytown, FL 26300-5709",Peter Bautista,2017-04-02
828,"896 Erickson Divide
New Benjamin, FM 59120",Claire Rice,2017-04-03
829,"340 Sloan Walks
North Tamara, VA 38386-2215",Joshua Murray,2017-04-05
830,"453 Andrew Plaza
Allisonburgh, CO 17380",Nicholas Mills,2017-04-05
831,"93625 Turner Lake
South Stephanieside, KS 49866",Frances Martin,2017-04-06
832,"2990 Johnson Trail Apt. 787
Lake Shawnport, LA 58794-3450",Michelle Salazar,2017-04-10
833,"10664 Long Spurs Suite 429
Greeneside, IL 57449",Benjamin Garcia,2017-04-10
834,"45128 Mark Islands
Crystalborough, MT 41141",Joseph Cole,2017-04-11
835,"8338 Rodney Causeway Suite 158
West Richard, ID 38361",Kimberly Murphy,2017-04-15
836,"806 Taylor Dale
North Ashley, HI 23746",Janice Tanner,2017-04-18
837,"03892 Alexander Burgs
Beckerburgh, FL 14319",Ashley Lewis,2017-04-21
838,"2430 Wiggins Ville Apt. 278
Port Tammy, NC 46575-9765",Brent Hatfield,2017-04-22
839,"PSC 9905, Box 8605
APO AA 20141",Emily Sellers,2017-04-23
840,"054 Livingston Lodge Suite 205
Kirbyview, MO 07360-0608",Ronnie Kramer,2017-04-25
841,"028 Patterson Views Apt. 833
East Christina, CA 97911",Daniel Mccoy,2017-04-26
842,"PSC 2542, Box 1287
APO AP 33421-4617",Dawn Singleton,2017-04-27
843,"1191 Douglas Road
South Rhondaport, WY 75732",Alfred Woods,2017-04-27
844,"770 Kelli Walks
Ryanchester, LA 79335",Justin Raymond,2017-04-28
845,"688 Harper Rapids Suite 364
Wellsfurt, GA 19716-5129",John Garcia,2017-05-02
846,"7874 Brown Corner Suite 768
West Lauren, MO 43999",Heather Smith,2017-05-03
847,"010 Smith Burg
East Sharon, AZ 30296-1071",Victor Bishop,2017-05-05
848,"04363 Mills Courts Apt. 103
Valerieburgh, LA 61779",Maria Huerta,2017-05-05
849,"21032 Alex Ports Apt. 091
Nicolechester, CO 85698",Michael Jones,2017-05-07
850,"Unit 8553 Box 8887
DPO AA 73190",Sylvia Anderson,2017-05-08
851,"0161 Johnson Locks
South Lisa, AK 55863-6659",Catherine Fitzgerald,2017-05-08
852,"269 Zuniga View Apt. 419
Austinbury, AK 70827",Sarah Gonzales,2017-05-09
853,"75396 Russell Shore Apt. 033
Lake Jennifer, CA 17014-0869",Diana Davis,2017-05-10
854,"332 Alicia Summit
East Stephanie, CA 75531",Chase Anderson,2017-05-12
855,"196 Eric Shoal
Sharonton, WI 98238",William Roberts,2017-05-13
856,"USNV Perez
FPO AA 83721-8465",Jamie Torres,2017-05-13
857,"26791 Juan Tunnel Apt. 310
Lake Karen, VT 83015-5933",Maria Roberson,2017-05-14
858,"2794 Church Cliff Apt. 829
Lake Troychester, AZ 50227-9339",Jack Gonzales,2017-05-15
859,"USNV Mcbride
FPO AA 04130",Jonathan Brown,2017-05-15
860,"30239 Andrea Junction
Stevensstad, WV 40795-4279",Monica Short,2017-05-16
861,"182 Hernandez Gardens Apt. 142
Waltersshire, AR 32162",Steven Stewart,2017-05-17
862,"438 Stewart Creek
Conniemouth, OK 61147",Brandon Jones,2017-05-17
863,"757 Michael Flat Suite 340
Lake Ryanfurt, LA 16032-9157",Michelle Brown,2017-05-17
864,"PSC 5749, Box 0712
APO AA 46414-9183",Michael Simmons,2017-05-19
865,"04553 Beverly Courts
Gonzalezshire, MS 61388",Anthony Smith,2017-05-19
866,"2044 Jennifer Neck
New Tonyside, SC 45974",Stacy Roberts DDS,2017-05-21
867,"PSC 2453, Box 2610
APO AA 77647-9737",Karen Carr,2017-05-21
868,"8895 Charles Alley Apt. 959
Millerfort, PW 55350-7376",Andrea Johnson,2017-05-22
869,"229 Jarvis Heights
South Nicholasport, MN 66911-8919",Oscar Davidson,2017-05-23
870,"7680 Brian Row
Joelton, MP 82650",Jamie Nguyen,2017-05-23
871,"5015 Smith Extensions Apt. 119
Jenniferton, NY 57762",Shirley Gibson,2017-05-24
872,"7131 Miller Viaduct Apt. 608
Rebekahside, AS 23590-9768",Ricky Barnes,2017-05-25
873,"USNS Wells
FPO AP 78862-9814",Patricia Williams,2017-05-26
874,"4244 Edwards Trace
Port Shawntown, VI 59739-0955",Jaime Olsen,2017-05-27
875,"145 Lopez Lake Suite 184
Teresachester, NM 39970",Anna Wilcox,2017-05-27
876,"4881 Williams Highway
Lake Leslieport, WI 46339",Wayne Brooks,2017-05-30
877,"7211 Brandi Springs Apt. 670
Port Paul, CT 34287",Gary Stuart,2017-06-01
878,"6384 Diana Garden Suite 026
New Joseph, AK 11850-1092",Wendy Barrera,2017-06-02
879,"7080 Aaron Fords
Glasshaven, WA 42578",Adam Miller,2017-06-03
880,"09011 Moore Drives Suite 607
Wintersborough, FL 68421-7758",Aaron Wilcox,2017-06-03
881,"137 Dustin Ford Suite 661
Austinville, VI 10222-4032",Jason Kent,2017-06-04
882,"59869 Blankenship Summit
Walkerborough, IL 15045",Jason Banks,2017-06-05
883,"8670 Sean Keys
Rollinsberg, PW 26138-6687",Zachary Dominguez,2017-06-05
884,"56875 Mendoza Mews
West Peter, AL 11767",Alyssa Ramirez,2017-06-06
885,"45022 Benjamin Corner
Haysland, GU 00971-4631",Amy Kim,2017-06-07
886,"92583 Mario Trace Apt. 210
Lake Darrylland, VI 36104-6465",Kathy Fox,2017-06-08
887,"33306 Eric Way Suite 631
Lake Jeremiahside, NE 72125-8723",Carla Wallace,2017-06-09
888,"222 Alex Harbor
Lake Sharonville, MA 36958-1988",Bryan Haas,2017-06-14
889,"135 Mitchell Tunnel Apt. 138
Phelpsberg, VI 90073-9851",Zachary Hernandez,2017-06-15
890,"93791 Coleman Harbors
Nunezton, WV 35231-0618",Stacey Miller,2017-06-16
891,"92088 Colleen Crest Apt. 873
North Ashley, WY 26785",Amber Palmer,2017-06-17
892,"98020 William Plaza
Heatherside, WI 37512-6254",Margaret Thomas,2017-06-18
893,"985 Abigail Glens Apt. 735
East Ericfort, RI 83415-0496",Kristina Perez,2017-06-20
894,"87958 Kathleen Run Apt. 409
West Brian, SD 84636",Dominic Powell,2017-06-22
895,"816 Dalton Square Apt. 432
South Timothyfurt, NC 92303",Matthew Collier,2017-06-23
896,"933 Lisa Ridge
New Jennifertown, SD 92690",David Sanders,2017-06-24
897,"PSC 3182, Box 9946
APO AA 10662",Shari Garcia,2017-06-24
898,"0715 Todd Vista
West Andrew, AZ 97695-1264",Mark Saunders,2017-06-24
899,"USNS Espinoza
FPO AP 63597-5872",Larry Howard,2017-06-27
900,"061 Brian Mission
Brownville, KY 49213",Michelle Stevenson,2017-06-29
901,"64224 Butler Lake
Hendersonland, PA 10246",Diane Horton,2017-06-30
902,"7758 Stephen Ridges Suite 596
Rowebury, ME 30307-6320",John Moreno,2017-06-30
903,"62861 Jordan Common Suite 955
East Johntown, MT 74982",Angela Thomas,2017-07-01
904,"90379 Jones Radial Suite 705
West George, NV 67256-7366",Dennis Harris,2017-07-03
905,"1661 Sara Branch Suite 319
Dennishaven, MI 27334",Amber Gonzalez,2017-07-06
906,"4116 Gray Crest Apt. 902
Garciaburgh, HI 97394-3998",Angela Taylor,2017-07-06
907,"723 Hawkins Manors
Lake Robertborough, MN 91622-8029",Robert Franklin,2017-07-08
908,"47786 Taylor Green
New Margaretstad, WI 96303-9253",Robert Garcia,2017-07-08
909,"4430 Sean Roads Suite 409
Lake Jennaland, PR 78674-8709",Mark Bowen,2017-07-09
910,"521 Curtis Groves Suite 851
New Angelica, NC 95037",John Boyd,2017-07-10
911,"3614 Bowen Inlet Suite 147
Millerburgh, VI 45218",Gregory Hartman,2017-07-12
912,"36481 Mack Springs
West Josemouth, PA 06896-9483",Kimberly Davis,2017-07-12
913,"62960 Wendy Pines
Port Carol, IL 90882-9498",Jessica Mccormick,2017-07-14
914,"5381 Michael Freeway Apt. 511
North Andrea, CO 55520",Jennifer Harrison,2017-07-15
915,"658 Alexander Knolls Apt. 762
South Kelly, FM 64446",Alison Miller,2017-07-18
916,"40710 Lori Village Suite 159
Stevenberg, AR 81499",Justin Daniel,2017-07-19
917,"974 Lee Village Suite 653
Arnoldchester, CT 69905-7111",Christopher Jenkins,2017-07-19
918,"651 Pena Manors
Grahamside, TX 96106-8937",Veronica Thomas,2017-07-20
919,"13631 Cole Mall Apt. 503
Joshuaton, RI 72682-8804",Michael Francis MD,2017-07-21
920,"289 Stephanie Mountains Apt. 088
Alexandriahaven, DC 96212-1029",Jeffrey Marshall,2017-07-21
921,"9537 Thomas Overpass Apt. 980
Elizabethchester, IL 76849-3634",Jennifer Butler,2017-07-24
922,"84511 Wright Highway Suite 144
Lake Rachel, MA 23335",Terry Hess,2017-07-27
923,"161 Christopher Skyway
Benjaminton, UT 12431",Kristin Hall MD,2017-07-29
924,"24294 Gray Village
New Lorrainehaven, PW 51924",Richard Rowe,2017-07-29
925,"8318 Holly Expressway
Robertstad, NE 27493",Renee Edwards,2017-07-29
926,"1973 Gutierrez Stream Apt. 545
Jenniferview, KY 90946-5438",Sharon Khan,2017-07-31
927,"6915 Barry Roads
East Cassandrabury, VA 82427",Karen Chapman,2017-08-02
928,"5421 Gay Key Apt. 823
New Williamside, NE 09122-8536",Brittney Savage,2017-08-03
929,"PSC 3688, Box 1578
APO AE 26557-6935",Jennifer Garcia,2017-08-04
930,"26612 Taylor Streets Apt. 320
Wardchester, RI 32357-0909",Cathy Edwards,2017-08-05
931,"22285 Riggs Fields
Gardnerside, LA 56301-1480",John Gutierrez,2017-08-06
932,"689 Watkins Rapids Suite 402
West Scott, WA 47658-0361",Cynthia Schroeder,2017-08-07
933,"826 Reyes Islands Apt. 313
New Jacob, AR 78467",Nicholas Cervantes,2017-08-08
934,"PSC 0561, Box 8947
APO AP 69311",Chad Jackson,2017-08-08
935,"PSC 3575, Box 6143
APO AE 28070",Shannon Anderson,2017-08-08
936,"71091 Ramirez Meadows Apt. 091
East Christystad, MP 36785",Erin Weber,2017-08-10
937,"8672 Hernandez Crest
South Jason, VT 23949",Robert Bullock,2017-08-10
938,"56411 Kathryn Freeway Apt. 508
Scottville, NY 40016",Matthew Paul,2017-08-11
939,"Unit 9293 Box 9303
DPO AA 55755",Mr. David Jennings,2017-08-12
940,"9144 Hannah Path Suite 659
Gregoryland, MN 65349-1329",Karen Nguyen,2017-08-13
941,"8847 Sean Club Apt. 164
New Michael, PW 73076",Danny Dalton,2017-08-14
942,"924 Heather Key
Dwaynetown, WY 41216",William Johnson,2017-08-14
943,"78477 Lutz Tunnel Apt. 710
South Penny, LA 64230",Gina Frost,2017-08-16
944,"03383 Taylor Tunnel Suite 014
Lake Michaelton, CA 05097",Jessica Dunn,2017-08-17
945,"907 Schultz Mountain
Lake Kirstenfort, MA 36111-1991",Ryan Ramirez,2017-08-17
946,"10432 Christopher Road
South Melanie, OK 11444-7542",Jose Weber,2017-08-17
947,"37972 Phelps Ford Apt. 219
Jamesville, PR 36473",Christopher Cohen,2017-08-18
948,"375 Curry Hollow
Johnsonview, GU 14380-8801",Stacey Barton,2017-08-23
949,"USNS Gonzalez
FPO AP 61544",Patrick Collins,2017-08-24
950,"986 Eric Overpass Apt. 912
Jasonstad, NY 99723",John Hughes,2017-08-26
951,"7988 Darrell Brooks
Port Danielfort, HI 79958-0802",Mark Wall,2017-08-29
952,"4294 Paul Ville Apt. 744
Lake Nicholas, NE 93430",Jason Houston,2017-08-30
953,"60589 William Rapid Apt. 712
South Rickyshire, MH 10437-3454",Christina Dunlap,2017-08-31
954,"5987 Montgomery Parkway
South Denise, AZ 07369-2984",Kenneth Martinez,2017-08-31
955,"763 Stevenson Fall Apt. 195
West Christopherside, KS 40575-4355",Candice Fuentes,2017-09-02
956,"519 Douglas View
New Peter, FL 28615-8559",Miss Maria Kim,2017-09-02
957,"29640 Sara Corner
Miabury, FL 94904-5374",Matthew Lewis,2017-09-03
958,"33005 Kevin Corners
Port Jessicamouth, OH 57472",David Todd,2017-09-04
959,"02373 Tyler Viaduct Suite 449
Lake Patricia, NH 23547",Scott Grimes,2017-09-04
960,"9854 Mullen Fall Suite 640
Alyssahaven, VT 13196",Denise Thompson,2017-09-05
961,"45357 Tiffany Shoals Apt. 406
Lake Jennifer, MI 95569",Theodore Brewer,2017-09-05
962,"3473 Tucker Ford
Ortegatown, AZ 28389-4215",Daniel Long,2017-09-05
963,"2140 Michelle Cove
Coxfort, WA 50772",Thomas Jordan,2017-09-07
964,"7865 Cox Stravenue Suite 062
North Jasmin, AR 86801-9508",Denise Mejia,2017-09-08
965,"021 Nathan Coves Suite 668
South Michael, SC 98785-5888",Michele Stephens,2017-09-08
966,"32378 Horn Roads Suite 599
East Matthewbury, VT 55857",Peggy Massey,2017-09-09
967,"0762 Lisa Inlet Apt. 581
New Nancyburgh, FL 60500",Jennifer Nielsen,2017-09-09
968,"5518 Joseph Mountains
Russellchester, AK 82459-0321",Jamie Walker,2017-09-10
969,"000 Villegas Ridges Suite 985
South Edgarview, SC 80661-5580",Patrick Lyons,2017-09-10
970,"8216 Kim View
North Nicholasport, MN 48533",Cody Grimes,2017-09-10
971,"3000 Dawson Loop Suite 913
Moodyport, WI 99148-4512",Peter Kirby,2017-09-11
972,"32797 Sullivan Center
South Susanhaven, WY 92300",Amanda Hart,2017-09-13
973,"PSC 3785, Box 5487
APO AE 39460-7169",Cindy Luna,2017-09-13
974,"67646 Taylor Ferry
Wilsonfurt, CA 07194-1983",Michael Rangel,2017-09-13
975,"81493 Krystal Junctions
East Debraville, TX 38847",Cassandra Green,2017-09-14
976,"549 Simpson Lane
North Michael, IN 16910",Stacy Gross,2017-09-18
977,"51554 Ruiz Islands
Rachelbury, CT 67032-8423",Tanner Gallagher,2017-09-20
978,"PSC 4482, Box 2226
APO AA 95121",Amy Barnes,2017-09-22
979,"894 Christopher Drive
Robertmouth, VI 30104",Erik Carpenter,2017-09-26
980,"9822 Timothy Mills
New Jonathan, MI 62648",Nicole Robinson,2017-09-26
981,"053 Kennedy Underpass Suite 532
Lake Donaldville, OH 36692-9204",Mariah Henry,2017-09-26
982,"85548 Peter Track Suite 157
Danielschester, NJ 82661",James Vasquez,2017-09-27
983,"454 Nancy Circles Suite 898
Andersonhaven, DE 74124-9944",Ian Nelson,2017-09-28
984,"54487 Moore Port
New Gregory, NM 95909",Susan Bonilla,2017-09-29
985,"6677 Richard Ports Apt. 383
New David, DE 20687-4097",Mr. John Gallagher,2017-09-29
986,"109 Roy Lakes Apt. 824
East Kimberly, CT 55863-5568",Whitney Lewis,2017-09-30
987,"107 Shawn Turnpike Suite 958
Bethhaven, VT 40057",Joyce Adams,2017-10-01
988,"17279 Nunez Ports Suite 388
Williamport, MS 43979-2548",Tracy Swanson,2017-10-02
989,"2116 Paula Village
Hoffmanfort, OH 51089",James Johnson,2017-10-03
990,"113 Jennifer Forge Apt. 759
Carloschester, IN 78442",Wesley Beck,2017-10-03
991,"75339 Smith Burgs Suite 350
North Nathan, CO 34428",Gordon Johnson,2017-10-04
992,"8473 Frazier Valley
East John, AS 04984-8281",Elizabeth Jones,2017-10-07
993,"USCGC Houston
FPO AP 21252",Lauren Brennan,2017-10-07
994,"00048 Watson Forge Suite 739
Katelyntown, IL 37928",Julie Mitchell,2017-10-07
995,"8738 Fischer Spurs
Lake Jason, SC 75088-9861",Stephen Mcdonald,2017-10-08
996,"79356 Daniel Roads Suite 776
New Carolberg, PW 14736-6381",Joseph Thomas,2017-10-11
997,"Unit 3375 Box 0963
DPO AA 53779",Rebecca Murphy,2017-10-12
998,"Unit 1504 Box 6772
DPO AE 55948-0998",Dennis Lee,2017-10-12
999,"53131 John Mission
Jacquelinechester, LA 86362-1062",Scott Lewis,2017-10-13
